Time,DMM_Meas1,PS_Vset1,PS_Vmeas1,PS_Imeas1,PS_Iset1,PS_Vset2,PS_Vmeas2,PS_Imeas2,PS_Iset2,I_A,V_board
2026-08-25 18:56:38,0.0178601,3.82,3.842,0.011999999999999997,,,,,,0.011162562499999999,3.8241399
2026-08-25 18:56:38,0.0178601,3.82,3.842,0.011999999999999997,,,,,,0.011162562499999999,3.8241399
2026-08-25 18:56:39,0.0178601,3.82,3.842,0.011999999999999997,,,,,,0.011162562499999999,3.8241399
2026-08-25 18:56:39,0.01786514,3.82,3.842,0.011999999999999997,,,,,,0.011165712500000001,3.82413486
2026-08-25 18:56:39,0.01786514,3.82,3.842,0.011999999999999997,,,,,,0.011165712500000001,3.82413486
2026-08-25 18:56:39,0.01786514,3.82,3.842,0.011999999999999997,,,,,,0.011165712500000001,3.82413486
2026-08-25 18:56:39,0.01786514,3.82,3.842,0.011999999999999997,,,,,,0.011165712500000001,3.82413486
2026-08-25 18:56:40,0.01786514,3.82,3.842,0.011999999999999997,,,,,,0.011165712500000001,3.82413486
2026-08-25 18:56:40,0.01787171,3.82,0.0,0.0,,,,,,0.01116981875,-0.01787171
2026-08-25 18:56:40,0.01787171,3.82,0.0,0.0,,,,,,0.01116981875,-0.01787171
2026-08-25 18:56:40,0.01787171,3.82,0.0,0.0,,,,,,0.01116981875,-0.01787171
2026-08-25 18:56:40,0.01787171,3.82,0.0,0.0,,,,,,0.01116981875,-0.01787171
2026-08-25 18:56:41,0.01787171,3.82,0.0,0.0,,,,,,0.01116981875,-0.01787171
2026-08-25 18:56:41,0.0004733804,3.82,0.0,0.0,,,,,,0.00029586274999999997,-0.0004733804
2026-08-25 18:56:41,0.0004733804,3.82,0.0,0.0,,,,,,0.00029586274999999997,-0.0004733804
2026-08-25 18:56:41,0.0004733804,3.82,0.0,0.0,,,,,,0.00029586274999999997,-0.0004733804
2026-08-25 18:56:41,0.0004733804,3.82,0.0,0.0,,,,,,0.00029586274999999997,-0.0004733804
2026-08-25 18:56:42,0.0004733804,3.82,0.0,0.0,,,,,,0.00029586274999999997,-0.0004733804
2026-08-25 18:56:42,-4.993491e-06,3.82,0.0,0.0,,,,,,-3.1209318749999997e-06,4.993491e-06
2026-08-25 18:56:42,-4.993491e-06,3.82,0.0,0.0,,,,,,-3.1209318749999997e-06,4.993491e-06
2026-08-25 18:56:42,-4.993491e-06,3.82,0.0,0.0,,,,,,-3.1209318749999997e-06,4.993491e-06
2026-08-25 18:56:42,-4.993491e-06,3.82,0.0,0.0,,,,,,-3.1209318749999997e-06,4.993491e-06
2026-08-25 18:56:43,-4.993491e-06,3.82,0.0,0.0,,,,,,-3.1209318749999997e-06,4.993491e-06
2026-08-25 18:56:43,-6.043218e-06,3.82,0.0,0.0,,,,,,-3.77701125e-06,6.043218e-06
2026-08-25 18:56:43,-6.043218e-06,3.82,0.0,0.0,,,,,,-3.77701125e-06,6.043218e-06
2026-08-25 18:56:43,-6.043218e-06,3.82,0.0,0.0,,,,,,-3.77701125e-06,6.043218e-06
2026-08-25 18:56:43,-6.043218e-06,3.82,0.0,0.0,,,,,,-3.77701125e-06,6.043218e-06
2026-08-25 18:56:44,-6.043218e-06,3.82,0.0,0.0,,,,,,-3.77701125e-06,6.043218e-06
2026-08-25 18:56:44,-5.758322e-06,3.82,0.0,0.0,,,,,,-3.5989512499999997e-06,5.758322e-06
2026-08-25 18:56:44,-5.758322e-06,3.82,0.0,0.0,,,,,,-3.5989512499999997e-06,5.758322e-06
2026-08-25 18:56:44,-5.758322e-06,3.82,0.0,0.0,,,,,,-3.5989512499999997e-06,5.758322e-06
2026-08-25 18:56:44,-5.758322e-06,3.82,0.0,0.0,,,,,,-3.5989512499999997e-06,5.758322e-06
2026-08-25 18:56:45,-5.758322e-06,3.82,0.0,0.0,,,,,,-3.5989512499999997e-06,5.758322e-06
2026-08-25 18:56:45,-4.822136e-06,3.82,0.0,0.0,,,,,,-3.0138349999999997e-06,4.822136e-06
2026-08-25 18:56:45,-4.822136e-06,3.82,0.0,0.0,,,,,,-3.0138349999999997e-06,4.822136e-06
2026-08-25 18:56:45,-4.822136e-06,3.82,0.0,0.0,,,,,,-3.0138349999999997e-06,4.822136e-06
2026-08-25 18:56:45,-4.822136e-06,3.82,0.0,0.0,,,,,,-3.0138349999999997e-06,4.822136e-06
2026-08-25 18:56:46,-4.822136e-06,3.82,0.0,0.0,,,,,,-3.0138349999999997e-06,4.822136e-06
2026-08-25 18:56:46,-4.457274e-06,3.82,0.0,0.0,,,,,,-2.78579625e-06,4.457274e-06
2026-08-25 18:56:46,-4.457274e-06,3.82,0.0,0.0,,,,,,-2.78579625e-06,4.457274e-06
2026-08-25 18:56:46,-4.457274e-06,3.82,0.0,0.0,,,,,,-2.78579625e-06,4.457274e-06
2026-08-25 18:56:46,-4.457274e-06,3.82,0.0,0.0,,,,,,-2.78579625e-06,4.457274e-06
2026-08-25 18:56:47,-4.448079e-06,3.82,0.0,0.0,,,,,,-2.7800493749999997e-06,4.448079e-06
2026-08-25 18:56:47,-4.448079e-06,3.82,0.0,0.0,,,,,,-2.7800493749999997e-06,4.448079e-06
2026-08-25 18:56:47,-4.448079e-06,3.82,0.0,0.0,,,,,,-2.7800493749999997e-06,4.448079e-06
2026-08-25 18:56:47,-4.448079e-06,3.82,0.0,0.0,,,,,,-2.7800493749999997e-06,4.448079e-06
2026-08-25 18:56:47,-4.448079e-06,3.82,0.0,0.0,,,,,,-2.7800493749999997e-06,4.448079e-06
2026-08-25 18:56:48,-4.448079e-06,3.82,0.0,0.0,,,,,,-2.7800493749999997e-06,4.448079e-06
2026-08-25 18:56:48,-4.239108e-06,3.82,0.0,0.0,,,,,,-2.6494425e-06,4.239108e-06
2026-08-25 18:56:48,-4.239108e-06,3.82,0.0,0.0,,,,,,-2.6494425e-06,4.239108e-06
2026-08-25 18:56:48,-4.239108e-06,3.82,0.0,0.0,,,,,,-2.6494425e-06,4.239108e-06
2026-08-25 18:56:48,-4.239108e-06,3.82,0.0,0.0,,,,,,-2.6494425e-06,4.239108e-06
2026-08-25 18:56:49,-4.239108e-06,3.82,0.0,0.0,,,,,,-2.6494425e-06,4.239108e-06
2026-08-25 18:56:49,-4.794969e-06,3.82,0.0,0.0,,,,,,-2.996855625e-06,4.794969e-06
2026-08-25 18:56:49,-4.794969e-06,3.82,0.0,0.0,,,,,,-2.996855625e-06,4.794969e-06
2026-08-25 18:56:49,-4.794969e-06,3.82,0.0,0.0,,,,,,-2.996855625e-06,4.794969e-06
2026-08-25 18:56:49,-4.794969e-06,3.82,0.0,0.0,,,,,,-2.996855625e-06,4.794969e-06
2026-08-25 18:56:50,-4.278813e-06,3.82,0.0,0.0,,,,,,-2.674258125e-06,4.278813e-06
2026-08-25 18:56:50,-4.278813e-06,3.82,0.0,0.0,,,,,,-2.674258125e-06,4.278813e-06
2026-08-25 18:56:50,-4.278813e-06,3.82,1.563,0.0,,,,,,-2.674258125e-06,1.5630042788129999
2026-08-25 18:56:50,-4.278813e-06,3.82,3.842,0.0,,,,,,-2.674258125e-06,3.842004278813
2026-08-25 18:56:50,-4.278813e-06,3.82,3.842,0.008000000000000007,,,,,,-2.674258125e-06,3.842004278813
2026-08-25 18:56:51,-4.278813e-06,3.82,3.842,0.008000000000000007,,,,,,-2.674258125e-06,3.842004278813
2026-08-25 18:56:51,0.0002270478,3.82,3.842,0.0030000000000000027,,,,,,0.000141904875,3.8417729522
2026-08-25 18:56:51,0.0002270478,3.82,3.842,0.0030000000000000027,,,,,,0.000141904875,3.8417729522
2026-08-25 18:56:51,0.0002270478,3.82,3.842,0.0030000000000000027,,,,,,0.000141904875,3.8417729522
2026-08-25 18:56:51,0.0002270478,3.82,3.842,0.0040000000000000036,,,,,,0.000141904875,3.8417729522
2026-08-25 18:56:52,0.0002270478,3.82,3.842,0.0040000000000000036,,,,,,0.000141904875,3.8417729522
2026-08-25 18:56:52,0.005916065,3.82,3.842,0.0020000000000000018,,,,,,0.0036975406249999997,3.836083935
2026-08-25 18:56:52,0.005916065,3.82,3.842,0.0020000000000000018,,,,,,0.0036975406249999997,3.836083935
2026-08-25 18:56:52,0.005916065,3.82,3.842,0.0010000000000000009,,,,,,0.0036975406249999997,3.836083935
2026-08-25 18:56:52,0.005916065,3.82,3.842,0.0010000000000000009,,,,,,0.0036975406249999997,3.836083935
2026-08-25 18:56:53,0.003736804,3.82,3.842,0.0010000000000000009,,,,,,0.0023355025,3.838263196
2026-08-25 18:56:53,0.003736804,3.82,3.842,0.0010000000000000009,,,,,,0.0023355025,3.838263196
2026-08-25 18:56:53,0.003736804,3.82,3.842,0.0010000000000000009,,,,,,0.0023355025,3.838263196
2026-08-25 18:56:53,0.003736804,3.82,3.842,0.0010000000000000009,,,,,,0.0023355025,3.838263196
2026-08-25 18:56:53,0.003736804,3.82,3.842,0.0010000000000000009,,,,,,0.0023355025,3.838263196
2026-08-25 18:56:54,0.003736804,3.82,3.842,0.0020000000000000018,,,,,,0.0023355025,3.838263196
2026-08-25 18:56:54,0.002343667,3.82,3.842,0.0020000000000000018,,,,,,0.0014647918749999998,3.839656333
2026-08-25 18:56:54,0.002343667,3.82,3.842,0.0020000000000000018,,,,,,0.0014647918749999998,3.839656333
2026-08-25 18:56:54,0.002343667,3.82,3.842,0.0020000000000000018,,,,,,0.0014647918749999998,3.839656333
2026-08-25 18:56:54,0.002343667,3.82,3.842,0.0020000000000000018,,,,,,0.0014647918749999998,3.839656333
2026-08-25 18:56:55,0.002343667,3.82,3.842,0.0020000000000000018,,,,,,0.0014647918749999998,3.839656333
2026-08-25 18:56:55,0.002604291,3.82,3.842,0.0020000000000000018,,,,,,0.001627681875,3.839395709
2026-08-25 18:56:55,0.002604291,3.82,3.842,0.0020000000000000018,,,,,,0.001627681875,3.839395709
2026-08-25 18:56:55,0.002604291,3.82,3.842,0.0020000000000000018,,,,,,0.001627681875,3.839395709
2026-08-25 18:56:55,0.002604291,3.82,3.842,0.0020000000000000018,,,,,,0.001627681875,3.839395709
2026-08-25 18:56:56,0.002775131,3.82,3.842,0.0020000000000000018,,,,,,0.001734456875,3.839224869
2026-08-25 18:56:56,0.002775131,3.82,3.842,0.0020000000000000018,,,,,,0.001734456875,3.839224869
2026-08-25 18:56:56,0.002775131,3.82,3.842,0.0020000000000000018,,,,,,0.001734456875,3.839224869
2026-08-25 18:56:56,0.002775131,3.82,3.842,0.0020000000000000018,,,,,,0.001734456875,3.839224869
2026-08-25 18:56:56,0.002775131,3.82,3.842,0.0020000000000000018,,,,,,0.001734456875,3.839224869
2026-08-25 18:56:57,0.002775131,3.82,3.842,0.0020000000000000018,,,,,,0.001734456875,3.839224869
2026-08-25 18:56:57,0.002859955,3.82,3.842,0.0020000000000000018,,,,,,0.0017874718749999999,3.839140045
2026-08-25 18:56:57,0.002859955,3.82,3.842,0.0020000000000000018,,,,,,0.0017874718749999999,3.839140045
2026-08-25 18:56:57,0.002859955,3.82,3.842,0.0020000000000000018,,,,,,0.0017874718749999999,3.839140045
2026-08-25 18:56:57,0.002859955,3.82,3.842,0.0020000000000000018,,,,,,0.0017874718749999999,3.839140045
2026-08-25 18:56:58,0.002859955,3.82,3.842,0.0020000000000000018,,,,,,0.0017874718749999999,3.839140045
2026-08-25 18:56:58,0.002931179,3.82,3.842,0.0020000000000000018,,,,,,0.0018319868749999998,3.839068821
2026-08-25 18:56:58,0.002931179,3.82,3.842,0.0020000000000000018,,,,,,0.0018319868749999998,3.839068821
2026-08-25 18:56:58,0.002931179,3.82,3.842,0.0020000000000000018,,,,,,0.0018319868749999998,3.839068821
2026-08-25 18:56:58,0.002931179,3.82,3.842,0.0020000000000000018,,,,,,0.0018319868749999998,3.839068821
2026-08-25 18:56:59,0.002970819,3.82,3.842,0.0020000000000000018,,,,,,0.001856761875,3.839029181
2026-08-25 18:56:59,0.002970819,3.82,3.842,0.0020000000000000018,,,,,,0.001856761875,3.839029181
2026-08-25 18:56:59,0.002970819,3.82,3.842,0.0020000000000000018,,,,,,0.001856761875,3.839029181
2026-08-25 18:56:59,0.002970819,3.82,3.842,0.0020000000000000018,,,,,,0.001856761875,3.839029181
2026-08-25 18:56:59,0.002970819,3.82,3.842,0.0020000000000000018,,,,,,0.001856761875,3.839029181
2026-08-25 18:57:00,0.002970819,3.82,3.842,0.0020000000000000018,,,,,,0.001856761875,3.839029181
2026-08-25 18:57:00,0.002997234,3.82,3.842,0.0020000000000000018,,,,,,0.00187327125,3.839002766
2026-08-25 18:57:00,0.002997234,3.82,3.842,0.0020000000000000018,,,,,,0.00187327125,3.839002766
2026-08-25 18:57:00,0.002997234,3.82,3.842,0.0020000000000000018,,,,,,0.00187327125,3.839002766
2026-08-25 18:57:00,0.002997234,3.82,3.842,0.0020000000000000018,,,,,,0.00187327125,3.839002766
2026-08-25 18:57:01,0.002997234,3.82,3.842,0.0020000000000000018,,,,,,0.00187327125,3.839002766
2026-08-25 18:57:01,0.003019091,3.82,3.842,0.0020000000000000018,,,,,,0.0018869318749999999,3.838980909
2026-08-25 18:57:01,0.003019091,3.82,3.842,0.0020000000000000018,,,,,,0.0018869318749999999,3.838980909
2026-08-25 18:57:01,0.003019091,3.82,3.842,0.0020000000000000018,,,,,,0.0018869318749999999,3.838980909
2026-08-25 18:57:01,0.003019091,3.82,3.842,0.0020000000000000018,,,,,,0.0018869318749999999,3.838980909
2026-08-25 18:57:02,0.003035175,3.82,3.842,0.0020000000000000018,,,,,,0.001896984375,3.838964825
2026-08-25 18:57:02,0.003035175,3.82,3.842,0.0020000000000000018,,,,,,0.001896984375,3.838964825
2026-08-25 18:57:02,0.003035175,3.82,3.842,0.0020000000000000018,,,,,,0.001896984375,3.838964825
2026-08-25 18:57:02,0.003035175,3.82,3.842,0.0020000000000000018,,,,,,0.001896984375,3.838964825
2026-08-25 18:57:02,0.003035175,3.82,3.842,0.0020000000000000018,,,,,,0.001896984375,3.838964825
2026-08-25 18:57:03,0.003035175,3.82,3.842,0.0020000000000000018,,,,,,0.001896984375,3.838964825
2026-08-25 18:57:03,0.003048238,3.82,3.842,0.0020000000000000018,,,,,,0.00190514875,3.838951762
2026-08-25 18:57:03,0.003048238,3.82,3.842,0.0020000000000000018,,,,,,0.00190514875,3.838951762
2026-08-25 18:57:03,0.003048238,3.82,3.842,0.0020000000000000018,,,,,,0.00190514875,3.838951762
2026-08-25 18:57:03,0.003048238,3.82,3.842,0.0020000000000000018,,,,,,0.00190514875,3.838951762
2026-08-25 18:57:04,0.003048238,3.82,3.842,0.0020000000000000018,,,,,,0.00190514875,3.838951762
2026-08-25 18:57:04,0.003058051,3.82,3.842,0.0020000000000000018,,,,,,0.0019112818749999999,3.838941949
2026-08-25 18:57:04,0.003058051,3.82,3.842,0.0020000000000000018,,,,,,0.0019112818749999999,3.838941949
2026-08-25 18:57:04,0.003058051,3.82,3.842,0.0020000000000000018,,,,,,0.0019112818749999999,3.838941949
2026-08-25 18:57:04,0.003058051,3.82,3.842,0.0020000000000000018,,,,,,0.0019112818749999999,3.838941949
2026-08-25 18:57:05,0.003065697,3.82,3.842,0.0020000000000000018,,,,,,0.001916060625,3.8389343030000003
2026-08-25 18:57:05,0.003065697,3.82,3.842,0.0020000000000000018,,,,,,0.001916060625,3.8389343030000003
2026-08-25 18:57:05,0.003065697,3.82,3.842,0.0020000000000000018,,,,,,0.001916060625,3.8389343030000003
2026-08-25 18:57:05,0.003065697,3.82,3.842,0.0020000000000000018,,,,,,0.001916060625,3.8389343030000003
2026-08-25 18:57:05,0.003065697,3.82,3.842,0.0020000000000000018,,,,,,0.001916060625,3.8389343030000003
2026-08-25 18:57:06,0.003070583,3.82,3.842,0.0020000000000000018,,,,,,0.001919114375,3.838929417
2026-08-25 18:57:06,0.003070583,3.82,3.842,0.0020000000000000018,,,,,,0.001919114375,3.838929417
2026-08-25 18:57:06,0.003070583,3.82,3.842,0.0020000000000000018,,,,,,0.001919114375,3.838929417
2026-08-25 18:57:06,0.003070583,3.82,3.842,0.0020000000000000018,,,,,,0.001919114375,3.838929417
2026-08-25 18:57:06,0.003070583,3.82,3.842,0.0020000000000000018,,,,,,0.001919114375,3.838929417
2026-08-25 18:57:07,0.003070583,3.82,3.842,0.0020000000000000018,,,,,,0.001919114375,3.838929417
2026-08-25 18:57:07,0.003075778,3.82,3.842,0.0020000000000000018,,,,,,0.00192236125,3.838924222
2026-08-25 18:57:07,0.003075778,3.82,3.842,0.0020000000000000018,,,,,,0.00192236125,3.838924222
2026-08-25 18:57:07,0.003075778,3.82,3.842,0.0020000000000000018,,,,,,0.00192236125,3.838924222
2026-08-25 18:57:07,0.003075778,3.82,3.842,0.0020000000000000018,,,,,,0.00192236125,3.838924222
2026-08-25 18:57:08,0.00307867,3.82,3.842,0.0020000000000000018,,,,,,0.0019241687499999998,3.8389213300000002
2026-08-25 18:57:08,0.00307867,3.82,3.842,0.0020000000000000018,,,,,,0.0019241687499999998,3.8389213300000002
2026-08-25 18:57:08,0.00307867,3.82,3.842,0.0020000000000000018,,,,,,0.0019241687499999998,3.8389213300000002
2026-08-25 18:57:08,0.00307867,3.82,3.842,0.0020000000000000018,,,,,,0.0019241687499999998,3.8389213300000002
2026-08-25 18:57:08,0.00307867,3.82,3.842,0.0020000000000000018,,,,,,0.0019241687499999998,3.8389213300000002
2026-08-25 18:57:09,0.003081604,3.82,3.842,0.0020000000000000018,,,,,,0.0019260025,3.838918396
2026-08-25 18:57:09,0.003081604,3.82,3.842,0.0020000000000000018,,,,,,0.0019260025,3.838918396
2026-08-25 18:57:09,0.003081604,3.82,3.842,0.0020000000000000018,,,,,,0.0019260025,3.838918396
2026-08-25 18:57:09,0.003081604,3.82,3.842,0.0020000000000000018,,,,,,0.0019260025,3.838918396
2026-08-25 18:57:09,0.003081604,3.82,3.842,0.0020000000000000018,,,,,,0.0019260025,3.838918396
2026-08-25 18:57:10,0.003081604,3.82,3.842,0.0020000000000000018,,,,,,0.0019260025,3.838918396
2026-08-25 18:57:10,0.003086387,3.82,3.842,0.0020000000000000018,,,,,,0.0019289918749999999,3.838913613
2026-08-25 18:57:10,0.003086387,3.82,3.842,0.0020000000000000018,,,,,,0.0019289918749999999,3.838913613
2026-08-25 18:57:10,0.003086387,3.82,3.842,0.0020000000000000018,,,,,,0.0019289918749999999,3.838913613
2026-08-25 18:57:10,0.003086387,3.82,3.842,0.0020000000000000018,,,,,,0.0019289918749999999,3.838913613
2026-08-25 18:57:11,0.003089144,3.82,3.842,0.0020000000000000018,,,,,,0.0019307149999999997,3.838910856
2026-08-25 18:57:11,0.003089144,3.82,3.842,0.0020000000000000018,,,,,,0.0019307149999999997,3.838910856
2026-08-25 18:57:11,0.003089144,3.82,3.842,0.0020000000000000018,,,,,,0.0019307149999999997,3.838910856
2026-08-25 18:57:11,0.003089144,3.82,3.842,0.0020000000000000018,,,,,,0.0019307149999999997,3.838910856
2026-08-25 18:57:11,0.003089144,3.82,3.842,0.0020000000000000018,,,,,,0.0019307149999999997,3.838910856
2026-08-25 18:57:12,0.003091503,3.82,3.842,0.0020000000000000018,,,,,,0.0019321893749999998,3.8389084970000003
2026-08-25 18:57:12,0.003091503,3.82,3.842,0.0020000000000000018,,,,,,0.0019321893749999998,3.8389084970000003
2026-08-25 18:57:12,0.003091503,3.82,3.842,0.0020000000000000018,,,,,,0.0019321893749999998,3.8389084970000003
2026-08-25 18:57:12,0.003091503,3.82,3.842,0.0020000000000000018,,,,,,0.0019321893749999998,3.8389084970000003
2026-08-25 18:57:12,0.003091503,3.82,3.842,0.0020000000000000018,,,,,,0.0019321893749999998,3.8389084970000003
2026-08-25 18:57:13,0.003091503,3.82,3.842,0.0020000000000000018,,,,,,0.0019321893749999998,3.8389084970000003
2026-08-25 18:57:13,0.00309474,3.82,3.842,0.0020000000000000018,,,,,,0.0019342124999999998,3.83890526
2026-08-25 18:57:13,0.00309474,3.82,3.842,0.0020000000000000018,,,,,,0.0019342124999999998,3.83890526
2026-08-25 18:57:13,0.00309474,3.82,3.842,0.0020000000000000018,,,,,,0.0019342124999999998,3.83890526
2026-08-25 18:57:13,0.00309474,3.82,3.842,0.0020000000000000018,,,,,,0.0019342124999999998,3.83890526
2026-08-25 18:57:14,0.003097778,3.82,3.842,0.0020000000000000018,,,,,,0.0019361112499999998,3.838902222
2026-08-25 18:57:14,0.003097778,3.82,3.842,0.0020000000000000018,,,,,,0.0019361112499999998,3.838902222
2026-08-25 18:57:14,0.003097778,3.82,3.842,0.0020000000000000018,,,,,,0.0019361112499999998,3.838902222
2026-08-25 18:57:14,0.003097778,3.82,3.842,0.0020000000000000018,,,,,,0.0019361112499999998,3.838902222
2026-08-25 18:57:14,0.003097778,3.82,3.842,0.0020000000000000018,,,,,,0.0019361112499999998,3.838902222
2026-08-25 18:57:15,0.0030986,3.82,3.842,0.0020000000000000018,,,,,,0.001936625,3.8389014
2026-08-25 18:57:15,0.0030986,3.82,3.842,0.0020000000000000018,,,,,,0.001936625,3.8389014
2026-08-25 18:57:15,0.0030986,3.82,3.842,0.0020000000000000018,,,,,,0.001936625,3.8389014
2026-08-25 18:57:15,0.0030986,3.82,3.842,0.0020000000000000018,,,,,,0.001936625,3.8389014
2026-08-25 18:57:15,0.0030986,3.82,3.842,0.0020000000000000018,,,,,,0.001936625,3.8389014
2026-08-25 18:57:16,0.0030986,3.82,3.842,0.0020000000000000018,,,,,,0.001936625,3.8389014
2026-08-25 18:57:16,0.003100537,3.82,3.842,0.0020000000000000018,,,,,,0.0019378356249999998,3.838899463
2026-08-25 18:57:16,0.003100537,3.82,3.842,0.0020000000000000018,,,,,,0.0019378356249999998,3.838899463
2026-08-25 18:57:16,0.003100537,3.82,3.842,0.0020000000000000018,,,,,,0.0019378356249999998,3.838899463
2026-08-25 18:57:16,0.003100537,3.82,3.842,0.0020000000000000018,,,,,,0.0019378356249999998,3.838899463
2026-08-25 18:57:17,0.003101065,3.82,3.842,0.0020000000000000018,,,,,,0.001938165625,3.838898935
2026-08-25 18:57:17,0.003101065,3.82,3.842,0.0020000000000000018,,,,,,0.001938165625,3.838898935
2026-08-25 18:57:17,0.003101065,3.82,3.842,0.0020000000000000018,,,,,,0.001938165625,3.838898935
2026-08-25 18:57:17,0.003101065,3.82,3.842,0.0020000000000000018,,,,,,0.001938165625,3.838898935
2026-08-25 18:57:17,0.003101065,3.82,3.842,0.0020000000000000018,,,,,,0.001938165625,3.838898935
2026-08-25 18:57:18,0.003103937,3.82,3.842,0.0020000000000000018,,,,,,0.001939960625,3.838896063
2026-08-25 18:57:18,0.003103937,3.82,3.842,0.0020000000000000018,,,,,,0.001939960625,3.838896063
2026-08-25 18:57:18,0.003103937,3.82,3.842,0.0020000000000000018,,,,,,0.001939960625,3.838896063
2026-08-25 18:57:18,0.003103937,3.82,3.842,0.0020000000000000018,,,,,,0.001939960625,3.838896063
2026-08-25 18:57:18,0.003103937,3.82,3.842,0.0020000000000000018,,,,,,0.001939960625,3.838896063
2026-08-25 18:57:19,0.003103937,3.82,3.842,0.0020000000000000018,,,,,,0.001939960625,3.838896063
2026-08-25 18:57:19,0.003105182,3.82,3.842,0.0020000000000000018,,,,,,0.00194073875,3.838894818
2026-08-25 18:57:19,0.003105182,3.82,3.842,0.0020000000000000018,,,,,,0.00194073875,3.838894818
2026-08-25 18:57:19,0.003105182,3.82,3.842,0.0020000000000000018,,,,,,0.00194073875,3.838894818
2026-08-25 18:57:19,0.003105182,3.82,3.842,0.0020000000000000018,,,,,,0.00194073875,3.838894818
2026-08-25 18:57:20,0.003106476,3.82,3.842,0.0020000000000000018,,,,,,0.0019415474999999998,3.838893524
2026-08-25 18:57:20,0.003106476,3.82,3.842,0.0020000000000000018,,,,,,0.0019415474999999998,3.838893524
2026-08-25 18:57:20,0.003106476,3.82,3.842,0.0020000000000000018,,,,,,0.0019415474999999998,3.838893524
2026-08-25 18:57:20,0.003106476,3.82,3.842,0.0020000000000000018,,,,,,0.0019415474999999998,3.838893524
2026-08-25 18:57:20,0.003106476,3.82,3.842,0.0020000000000000018,,,,,,0.0019415474999999998,3.838893524
2026-08-25 18:57:21,0.003107705,3.82,3.842,0.0020000000000000018,,,,,,0.001942315625,3.838892295
2026-08-25 18:57:21,0.003107705,3.82,3.842,0.0020000000000000018,,,,,,0.001942315625,3.838892295
2026-08-25 18:57:21,0.003107705,3.82,3.842,0.0020000000000000018,,,,,,0.001942315625,3.838892295
2026-08-25 18:57:21,0.003107705,3.82,3.842,0.0020000000000000018,,,,,,0.001942315625,3.838892295
2026-08-25 18:57:21,0.003107705,3.82,3.842,0.0020000000000000018,,,,,,0.001942315625,3.838892295
2026-08-25 18:57:22,0.003107705,3.82,3.842,0.0020000000000000018,,,,,,0.001942315625,3.838892295
2026-08-25 18:57:22,0.003109941,3.82,3.842,0.0020000000000000018,,,,,,0.001943713125,3.838890059
2026-08-25 18:57:22,0.003109941,3.82,3.842,0.0020000000000000018,,,,,,0.001943713125,3.838890059
2026-08-25 18:57:22,0.003109941,3.82,3.842,0.0020000000000000018,,,,,,0.001943713125,3.838890059
2026-08-25 18:57:22,0.003109941,3.82,3.842,0.0020000000000000018,,,,,,0.001943713125,3.838890059
2026-08-25 18:57:23,0.003111472,3.82,3.842,0.0020000000000000018,,,,,,0.00194467,3.838888528
2026-08-25 18:57:23,0.003111472,3.82,3.842,0.0020000000000000018,,,,,,0.00194467,3.838888528
2026-08-25 18:57:23,0.003111472,3.82,3.842,0.0020000000000000018,,,,,,0.00194467,3.838888528
2026-08-25 18:57:23,0.003111472,3.82,3.842,0.0020000000000000018,,,,,,0.00194467,3.838888528
2026-08-25 18:57:23,0.003111472,3.82,3.842,0.0020000000000000018,,,,,,0.00194467,3.838888528
2026-08-25 18:57:24,0.003109882,3.82,3.842,0.0020000000000000018,,,,,,0.00194367625,3.838890118
2026-08-25 18:57:24,0.003109882,3.82,3.842,0.0020000000000000018,,,,,,0.00194367625,3.838890118
2026-08-25 18:57:24,0.003109882,3.82,3.842,0.0020000000000000018,,,,,,0.00194367625,3.838890118
2026-08-25 18:57:24,0.003109882,3.82,3.842,0.0020000000000000018,,,,,,0.00194367625,3.838890118
2026-08-25 18:57:24,0.003109882,3.82,3.842,0.0020000000000000018,,,,,,0.00194367625,3.838890118
2026-08-25 18:57:25,0.003109882,3.82,3.842,0.0020000000000000018,,,,,,0.00194367625,3.838890118
2026-08-25 18:57:25,0.003287505,3.82,3.842,0.0020000000000000018,,,,,,0.0020546906249999997,3.8387124950000002
2026-08-25 18:57:25,0.003287505,3.82,3.842,0.0020000000000000018,,,,,,0.0020546906249999997,3.8387124950000002
2026-08-25 18:57:25,0.003287505,3.82,3.842,0.0020000000000000018,,,,,,0.0020546906249999997,3.8387124950000002
2026-08-25 18:57:25,0.003287505,3.82,3.842,0.0020000000000000018,,,,,,0.0020546906249999997,3.8387124950000002
2026-08-25 18:57:26,0.003112195,3.82,3.842,0.0020000000000000018,,,,,,0.001945121875,3.838887805
2026-08-25 18:57:26,0.003112195,3.82,3.842,0.0020000000000000018,,,,,,0.001945121875,3.838887805
2026-08-25 18:57:26,0.003112195,3.82,3.842,0.0020000000000000018,,,,,,0.001945121875,3.838887805
2026-08-25 18:57:26,0.003112195,3.82,3.842,0.0020000000000000018,,,,,,0.001945121875,3.838887805
2026-08-25 18:57:26,0.003112195,3.82,3.842,0.0020000000000000018,,,,,,0.001945121875,3.838887805
2026-08-25 18:57:27,0.00311245,3.82,3.842,0.0020000000000000018,,,,,,0.00194528125,3.83888755
2026-08-25 18:57:27,0.00311245,3.82,3.842,0.0020000000000000018,,,,,,0.00194528125,3.83888755
2026-08-25 18:57:27,0.00311245,3.82,3.842,0.0020000000000000018,,,,,,0.00194528125,3.83888755
2026-08-25 18:57:27,0.00311245,3.82,3.842,0.0020000000000000018,,,,,,0.00194528125,3.83888755
2026-08-25 18:57:27,0.00311245,3.82,3.842,0.0020000000000000018,,,,,,0.00194528125,3.83888755
2026-08-25 18:57:28,0.003112426,3.82,3.842,0.0020000000000000018,,,,,,0.00194526625,3.838887574
2026-08-25 18:57:28,0.003112426,3.82,3.842,0.0020000000000000018,,,,,,0.00194526625,3.838887574
2026-08-25 18:57:28,0.003112426,3.82,3.842,0.0020000000000000018,,,,,,0.00194526625,3.838887574
2026-08-25 18:57:28,0.003112426,3.82,3.842,0.0020000000000000018,,,,,,0.00194526625,3.838887574
2026-08-25 18:57:28,0.003112426,3.82,3.842,0.0020000000000000018,,,,,,0.00194526625,3.838887574
2026-08-25 18:57:29,0.003113332,3.82,3.842,0.0020000000000000018,,,,,,0.0019458325,3.8388866680000002
2026-08-25 18:57:29,0.003113332,3.82,3.842,0.0020000000000000018,,,,,,0.0019458325,3.8388866680000002
2026-08-25 18:57:29,0.003113332,3.82,3.842,0.0020000000000000018,,,,,,0.0019458325,3.8388866680000002
2026-08-25 18:57:29,0.003113332,3.82,3.842,0.0020000000000000018,,,,,,0.0019458325,3.8388866680000002
2026-08-25 18:57:29,0.003113332,3.82,3.842,0.0020000000000000018,,,,,,0.0019458325,3.8388866680000002
2026-08-25 18:57:30,0.003115735,3.82,3.842,0.0020000000000000018,,,,,,0.001947334375,3.838884265
2026-08-25 18:57:30,0.003115735,3.82,3.842,0.0020000000000000018,,,,,,0.001947334375,3.838884265
2026-08-25 18:57:30,0.003115735,3.82,3.842,0.0020000000000000018,,,,,,0.001947334375,3.838884265
2026-08-25 18:57:30,0.003115735,3.82,3.842,0.0020000000000000018,,,,,,0.001947334375,3.838884265
2026-08-25 18:57:30,0.003115735,3.82,3.842,0.0020000000000000018,,,,,,0.001947334375,3.838884265
2026-08-25 18:57:31,0.003116337,3.82,3.842,0.0020000000000000018,,,,,,0.0019477106249999997,3.8388836630000003
2026-08-25 18:57:31,0.003116337,3.82,3.842,0.0020000000000000018,,,,,,0.0019477106249999997,3.8388836630000003
2026-08-25 18:57:31,0.003116337,3.82,3.842,0.0020000000000000018,,,,,,0.0019477106249999997,3.8388836630000003
2026-08-25 18:57:31,0.003116337,3.82,3.842,0.0020000000000000018,,,,,,0.0019477106249999997,3.8388836630000003
2026-08-25 18:57:31,0.003116337,3.82,3.842,0.0020000000000000018,,,,,,0.0019477106249999997,3.8388836630000003
2026-08-25 18:57:32,0.003116226,3.82,3.842,0.0020000000000000018,,,,,,0.00194764125,3.838883774
2026-08-25 18:57:32,0.003116226,3.82,3.842,0.0020000000000000018,,,,,,0.00194764125,3.838883774
2026-08-25 18:57:32,0.003116226,3.82,3.842,0.0020000000000000018,,,,,,0.00194764125,3.838883774
2026-08-25 18:57:32,0.003116226,3.82,3.842,0.0020000000000000018,,,,,,0.00194764125,3.838883774
2026-08-25 18:57:32,0.003116226,3.82,3.842,0.0020000000000000018,,,,,,0.00194764125,3.838883774
2026-08-25 18:57:33,0.003116917,3.82,3.842,0.0020000000000000018,,,,,,0.0019480731249999998,3.8388830830000003
2026-08-25 18:57:33,0.003116917,3.82,3.842,0.0020000000000000018,,,,,,0.0019480731249999998,3.8388830830000003
2026-08-25 18:57:33,0.003116917,3.82,3.842,0.0020000000000000018,,,,,,0.0019480731249999998,3.8388830830000003
2026-08-25 18:57:33,0.003116917,3.82,3.842,0.0020000000000000018,,,,,,0.0019480731249999998,3.8388830830000003
2026-08-25 18:57:33,0.003116917,3.82,3.842,0.0020000000000000018,,,,,,0.0019480731249999998,3.8388830830000003
2026-08-25 18:57:34,0.00311795,3.82,3.842,0.0020000000000000018,,,,,,0.00194871875,3.83888205
2026-08-25 18:57:34,0.00311795,3.82,3.842,0.0020000000000000018,,,,,,0.00194871875,3.83888205
2026-08-25 18:57:34,0.00311795,3.82,3.842,0.0020000000000000018,,,,,,0.00194871875,3.83888205
2026-08-25 18:57:34,0.00311795,3.82,3.842,0.0020000000000000018,,,,,,0.00194871875,3.83888205
2026-08-25 18:57:34,0.00311795,3.82,3.842,0.0020000000000000018,,,,,,0.00194871875,3.83888205
2026-08-25 18:57:35,0.003119051,3.82,3.842,0.0020000000000000018,,,,,,0.0019494068749999999,3.838880949
2026-08-25 18:57:35,0.003119051,3.82,3.842,0.0020000000000000018,,,,,,0.0019494068749999999,3.838880949
2026-08-25 18:57:35,0.003119051,3.82,3.842,0.0020000000000000018,,,,,,0.0019494068749999999,3.838880949
2026-08-25 18:57:35,0.003119051,3.82,3.842,0.0020000000000000018,,,,,,0.0019494068749999999,3.838880949
2026-08-25 18:57:35,0.003119051,3.82,3.842,0.0020000000000000018,,,,,,0.0019494068749999999,3.838880949
2026-08-25 18:57:36,0.003118945,3.82,3.842,0.0020000000000000018,,,,,,0.001949340625,3.838881055
2026-08-25 18:57:36,0.003118945,3.82,3.842,0.0020000000000000018,,,,,,0.001949340625,3.838881055
2026-08-25 18:57:36,0.003118945,3.82,3.842,0.0020000000000000018,,,,,,0.001949340625,3.838881055
2026-08-25 18:57:36,0.003118945,3.82,3.842,0.0020000000000000018,,,,,,0.001949340625,3.838881055
2026-08-25 18:57:36,0.003118945,3.82,3.842,0.0020000000000000018,,,,,,0.001949340625,3.838881055
2026-08-25 18:57:37,0.003118818,3.82,3.842,0.0020000000000000018,,,,,,0.00194926125,3.838881182
2026-08-25 18:57:37,0.003118818,3.82,3.842,0.0020000000000000018,,,,,,0.00194926125,3.838881182
2026-08-25 18:57:37,0.003118818,3.82,3.842,0.0020000000000000018,,,,,,0.00194926125,3.838881182
2026-08-25 18:57:37,0.003118818,3.82,3.842,0.0020000000000000018,,,,,,0.00194926125,3.838881182
2026-08-25 18:57:37,0.003118818,3.82,3.842,0.0020000000000000018,,,,,,0.00194926125,3.838881182
2026-08-25 18:57:38,0.003119365,3.82,3.842,0.0020000000000000018,,,,,,0.0019496031249999998,3.838880635
2026-08-25 18:57:38,0.003119365,3.82,3.842,0.0020000000000000018,,,,,,0.0019496031249999998,3.838880635
2026-08-25 18:57:38,0.003119365,3.82,3.842,0.0020000000000000018,,,,,,0.0019496031249999998,3.838880635
2026-08-25 18:57:38,0.003119365,3.82,3.842,0.0020000000000000018,,,,,,0.0019496031249999998,3.838880635
2026-08-25 18:57:38,0.003119365,3.82,3.842,0.0020000000000000018,,,,,,0.0019496031249999998,3.838880635
2026-08-25 18:57:39,0.003120636,3.82,3.842,0.0020000000000000018,,,,,,0.0019503975,3.8388793640000003
2026-08-25 18:57:39,0.003120636,3.82,3.842,0.0020000000000000018,,,,,,0.0019503975,3.8388793640000003
2026-08-25 18:57:39,0.003120636,3.82,3.842,0.0020000000000000018,,,,,,0.0019503975,3.8388793640000003
2026-08-25 18:57:39,0.003120636,3.82,3.842,0.0020000000000000018,,,,,,0.0019503975,3.8388793640000003
2026-08-25 18:57:39,0.003120636,3.82,3.842,0.0020000000000000018,,,,,,0.0019503975,3.8388793640000003
2026-08-25 18:57:40,0.003120374,3.82,3.842,0.0020000000000000018,,,,,,0.0019502337499999998,3.838879626
2026-08-25 18:57:40,0.003120374,3.82,3.842,0.0020000000000000018,,,,,,0.0019502337499999998,3.838879626
2026-08-25 18:57:40,0.003120374,3.82,3.842,0.0020000000000000018,,,,,,0.0019502337499999998,3.838879626
2026-08-25 18:57:40,0.003120374,3.82,3.842,0.0020000000000000018,,,,,,0.0019502337499999998,3.838879626
2026-08-25 18:57:40,0.003120374,3.82,3.842,0.0020000000000000018,,,,,,0.0019502337499999998,3.838879626
2026-08-25 18:57:41,0.00312069,3.82,3.842,0.0020000000000000018,,,,,,0.00195043125,3.8388793100000003
2026-08-25 18:57:41,0.00312069,3.82,3.842,0.0020000000000000018,,,,,,0.00195043125,3.8388793100000003
2026-08-25 18:57:41,0.00312069,3.82,3.842,0.0020000000000000018,,,,,,0.00195043125,3.8388793100000003
2026-08-25 18:57:41,0.00312069,3.82,3.842,0.0020000000000000018,,,,,,0.00195043125,3.8388793100000003
2026-08-25 18:57:41,0.00312069,3.82,3.842,0.0020000000000000018,,,,,,0.00195043125,3.8388793100000003
2026-08-25 18:57:42,0.003121672,3.82,3.842,0.0020000000000000018,,,,,,0.0019510449999999998,3.8388783280000003
2026-08-25 18:57:42,0.003121672,3.82,3.842,0.0020000000000000018,,,,,,0.0019510449999999998,3.8388783280000003
2026-08-25 18:57:42,0.003121672,3.82,3.842,0.0020000000000000018,,,,,,0.0019510449999999998,3.8388783280000003
2026-08-25 18:57:42,0.003121672,3.82,3.842,0.0020000000000000018,,,,,,0.0019510449999999998,3.8388783280000003
2026-08-25 18:57:42,0.003121672,3.82,3.842,0.0020000000000000018,,,,,,0.0019510449999999998,3.8388783280000003
2026-08-25 18:57:43,0.003121914,3.82,3.842,0.0020000000000000018,,,,,,0.00195119625,3.8388780860000002
2026-08-25 18:57:43,0.003121914,3.82,3.842,0.0020000000000000018,,,,,,0.00195119625,3.8388780860000002
2026-08-25 18:57:43,0.003121914,3.82,3.842,0.0020000000000000018,,,,,,0.00195119625,3.8388780860000002
2026-08-25 18:57:43,0.003121914,3.82,3.842,0.0020000000000000018,,,,,,0.00195119625,3.8388780860000002
2026-08-25 18:57:43,0.003121914,3.82,3.842,0.0020000000000000018,,,,,,0.00195119625,3.8388780860000002
2026-08-25 18:57:44,0.003121344,3.82,3.842,0.0020000000000000018,,,,,,0.00195084,3.838878656
2026-08-25 18:57:44,0.003121344,3.82,3.842,0.0020000000000000018,,,,,,0.00195084,3.838878656
2026-08-25 18:57:44,0.003121344,3.82,3.842,0.0020000000000000018,,,,,,0.00195084,3.838878656
2026-08-25 18:57:44,0.003121344,3.82,3.842,0.0020000000000000018,,,,,,0.00195084,3.838878656
2026-08-25 18:57:44,0.003121344,3.82,3.842,0.0020000000000000018,,,,,,0.00195084,3.838878656
2026-08-25 18:57:45,0.003122523,3.82,3.842,0.0020000000000000018,,,,,,0.0019515768749999998,3.838877477
2026-08-25 18:57:45,0.003122523,3.82,3.842,0.0020000000000000018,,,,,,0.0019515768749999998,3.838877477
2026-08-25 18:57:45,0.003122523,3.82,3.842,0.0020000000000000018,,,,,,0.0019515768749999998,3.838877477
2026-08-25 18:57:45,0.003122523,3.82,3.842,0.0020000000000000018,,,,,,0.0019515768749999998,3.838877477
2026-08-25 18:57:45,0.003122523,3.82,3.842,0.0020000000000000018,,,,,,0.0019515768749999998,3.838877477
2026-08-25 18:57:46,0.003122664,3.82,3.842,0.0020000000000000018,,,,,,0.0019516649999999998,3.838877336
2026-08-25 18:57:46,0.003122664,3.82,3.842,0.0020000000000000018,,,,,,0.0019516649999999998,3.838877336
2026-08-25 18:57:46,0.003122664,3.82,3.842,0.0020000000000000018,,,,,,0.0019516649999999998,3.838877336
2026-08-25 18:57:46,0.003122664,3.82,3.842,0.0020000000000000018,,,,,,0.0019516649999999998,3.838877336
2026-08-25 18:57:46,0.003122664,3.82,3.842,0.0020000000000000018,,,,,,0.0019516649999999998,3.838877336
2026-08-25 18:57:47,0.003124297,3.82,3.842,0.0020000000000000018,,,,,,0.001952685625,3.8388757030000003
2026-08-25 18:57:47,0.003124297,3.82,3.842,0.0020000000000000018,,,,,,0.001952685625,3.8388757030000003
2026-08-25 18:57:47,0.003124297,3.82,3.842,0.0020000000000000018,,,,,,0.001952685625,3.8388757030000003
2026-08-25 18:57:47,0.003124297,3.82,3.842,0.0020000000000000018,,,,,,0.001952685625,3.8388757030000003
2026-08-25 18:57:47,0.003124297,3.82,3.842,0.0020000000000000018,,,,,,0.001952685625,3.8388757030000003
2026-08-25 18:57:48,0.003124771,3.82,3.842,0.0020000000000000018,,,,,,0.001952981875,3.838875229
2026-08-25 18:57:48,0.003124771,3.82,3.842,0.0020000000000000018,,,,,,0.001952981875,3.838875229
2026-08-25 18:57:48,0.003124771,3.82,3.842,0.0020000000000000018,,,,,,0.001952981875,3.838875229
2026-08-25 18:57:48,0.003124771,3.82,3.842,0.0020000000000000018,,,,,,0.001952981875,3.838875229
2026-08-25 18:57:48,0.003124771,3.82,3.842,0.0020000000000000018,,,,,,0.001952981875,3.838875229
2026-08-25 18:57:49,0.003125767,3.82,3.842,0.0020000000000000018,,,,,,0.001953604375,3.8388742330000003
2026-08-25 18:57:49,0.003125767,3.82,3.842,0.0020000000000000018,,,,,,0.001953604375,3.8388742330000003
2026-08-25 18:57:49,0.003125767,3.82,3.842,0.0020000000000000018,,,,,,0.001953604375,3.8388742330000003
2026-08-25 18:57:49,0.003125767,3.82,3.842,0.0020000000000000018,,,,,,0.001953604375,3.8388742330000003
2026-08-25 18:57:49,0.003125767,3.82,3.842,0.0020000000000000018,,,,,,0.001953604375,3.8388742330000003
2026-08-25 18:57:50,0.003125233,3.82,3.842,0.0020000000000000018,,,,,,0.0019532706249999997,3.838874767
2026-08-25 18:57:50,0.003125233,3.82,3.842,0.0020000000000000018,,,,,,0.0019532706249999997,3.838874767
2026-08-25 18:57:50,0.003125233,3.82,3.842,0.0020000000000000018,,,,,,0.0019532706249999997,3.838874767
2026-08-25 18:57:50,0.003125233,3.82,3.842,0.0020000000000000018,,,,,,0.0019532706249999997,3.838874767
2026-08-25 18:57:50,0.003125233,3.82,3.842,0.0020000000000000018,,,,,,0.0019532706249999997,3.838874767
2026-08-25 18:57:51,0.003124886,3.82,3.842,0.0020000000000000018,,,,,,0.0019530537499999998,3.838875114
2026-08-25 18:57:51,0.003124886,3.82,3.842,0.0020000000000000018,,,,,,0.0019530537499999998,3.838875114
2026-08-25 18:57:51,0.003124886,3.82,3.842,0.0020000000000000018,,,,,,0.0019530537499999998,3.838875114
2026-08-25 18:57:51,0.003124886,3.82,3.842,0.0020000000000000018,,,,,,0.0019530537499999998,3.838875114
2026-08-25 18:57:51,0.003124886,3.82,3.842,0.0020000000000000018,,,,,,0.0019530537499999998,3.838875114
2026-08-25 18:57:52,0.003125409,3.82,3.842,0.0020000000000000018,,,,,,0.001953380625,3.838874591
2026-08-25 18:57:52,0.003125409,3.82,3.842,0.0020000000000000018,,,,,,0.001953380625,3.838874591
2026-08-25 18:57:52,0.003125409,3.82,3.842,0.0020000000000000018,,,,,,0.001953380625,3.838874591
2026-08-25 18:57:52,0.003125409,3.82,3.842,0.0020000000000000018,,,,,,0.001953380625,3.838874591
2026-08-25 18:57:52,0.003125409,3.82,3.842,0.0020000000000000018,,,,,,0.001953380625,3.838874591
2026-08-25 18:57:53,0.003125592,3.82,3.842,0.0020000000000000018,,,,,,0.001953495,3.838874408
2026-08-25 18:57:53,0.003125592,3.82,3.842,0.0020000000000000018,,,,,,0.001953495,3.838874408
2026-08-25 18:57:53,0.003125592,3.82,3.842,0.0020000000000000018,,,,,,0.001953495,3.838874408
2026-08-25 18:57:53,0.003125592,3.82,3.842,0.0020000000000000018,,,,,,0.001953495,3.838874408
2026-08-25 18:57:53,0.003125592,3.82,3.842,0.0020000000000000018,,,,,,0.001953495,3.838874408
2026-08-25 18:57:54,0.003126604,3.82,3.842,0.0020000000000000018,,,,,,0.0019541274999999997,3.838873396
2026-08-25 18:57:54,0.003126604,3.82,3.842,0.0020000000000000018,,,,,,0.0019541274999999997,3.838873396
2026-08-25 18:57:54,0.003126604,3.82,3.842,0.0020000000000000018,,,,,,0.0019541274999999997,3.838873396
2026-08-25 18:57:54,0.003126604,3.82,3.842,0.0020000000000000018,,,,,,0.0019541274999999997,3.838873396
2026-08-25 18:57:54,0.003126604,3.82,3.842,0.0020000000000000018,,,,,,0.0019541274999999997,3.838873396
2026-08-25 18:57:55,0.003225008,3.82,3.842,0.0020000000000000018,,,,,,0.00201563,3.8387749920000003
2026-08-25 18:57:55,0.003225008,3.82,3.842,0.0020000000000000018,,,,,,0.00201563,3.8387749920000003
2026-08-25 18:57:55,0.003225008,3.82,3.842,0.0020000000000000018,,,,,,0.00201563,3.8387749920000003
2026-08-25 18:57:55,0.003225008,3.82,3.842,0.0020000000000000018,,,,,,0.00201563,3.8387749920000003
2026-08-25 18:57:55,0.003225008,3.82,3.842,0.0020000000000000018,,,,,,0.00201563,3.8387749920000003
2026-08-25 18:57:56,0.003276927,3.82,3.842,0.0020000000000000018,,,,,,0.0020480793749999998,3.838723073
2026-08-25 18:57:56,0.003276927,3.82,3.842,0.0020000000000000018,,,,,,0.0020480793749999998,3.838723073
2026-08-25 18:57:56,0.003276927,3.82,3.842,0.0020000000000000018,,,,,,0.0020480793749999998,3.838723073
2026-08-25 18:57:56,0.003276927,3.82,3.842,0.0020000000000000018,,,,,,0.0020480793749999998,3.838723073
2026-08-25 18:57:56,0.003276927,3.82,3.842,0.0020000000000000018,,,,,,0.0020480793749999998,3.838723073
2026-08-25 18:57:57,0.003273495,3.82,3.842,0.0020000000000000018,,,,,,0.002045934375,3.838726505
2026-08-25 18:57:57,0.003273495,3.82,3.842,0.0020000000000000018,,,,,,0.002045934375,3.838726505
2026-08-25 18:57:57,0.003273495,3.82,3.842,0.0020000000000000018,,,,,,0.002045934375,3.838726505
2026-08-25 18:57:57,0.003273495,3.82,3.842,0.0020000000000000018,,,,,,0.002045934375,3.838726505
2026-08-25 18:57:57,0.003273495,3.82,3.842,0.0020000000000000018,,,,,,0.002045934375,3.838726505
2026-08-25 18:57:58,0.003306243,3.82,3.842,0.0020000000000000018,,,,,,0.002066401875,3.838693757
2026-08-25 18:57:58,0.003306243,3.82,3.842,0.0020000000000000018,,,,,,0.002066401875,3.838693757
2026-08-25 18:57:58,0.003306243,3.82,3.842,0.0020000000000000018,,,,,,0.002066401875,3.838693757
2026-08-25 18:57:58,0.003306243,3.82,3.842,0.0020000000000000018,,,,,,0.002066401875,3.838693757
2026-08-25 18:57:58,0.003306243,3.82,3.842,0.0020000000000000018,,,,,,0.002066401875,3.838693757
2026-08-25 18:57:59,0.003276592,3.82,3.842,0.0020000000000000018,,,,,,0.00204787,3.838723408
2026-08-25 18:57:59,0.003276592,3.82,3.842,0.0020000000000000018,,,,,,0.00204787,3.838723408
2026-08-25 18:57:59,0.003276592,3.82,3.842,0.0020000000000000018,,,,,,0.00204787,3.838723408
2026-08-25 18:57:59,0.003276592,3.82,3.842,0.0020000000000000018,,,,,,0.00204787,3.838723408
2026-08-25 18:57:59,0.003276592,3.82,3.842,0.0020000000000000018,,,,,,0.00204787,3.838723408
2026-08-25 18:58:00,0.003282978,3.82,3.842,0.0020000000000000018,,,,,,0.00205186125,3.838717022
2026-08-25 18:58:00,0.003282978,3.82,3.842,0.0020000000000000018,,,,,,0.00205186125,3.838717022
2026-08-25 18:58:00,0.003282978,3.82,3.842,0.0020000000000000018,,,,,,0.00205186125,3.838717022
2026-08-25 18:58:00,0.003282978,3.82,3.842,0.0020000000000000018,,,,,,0.00205186125,3.838717022
2026-08-25 18:58:00,0.003282978,3.82,3.842,0.0020000000000000018,,,,,,0.00205186125,3.838717022
2026-08-25 18:58:01,0.003285262,3.82,3.842,0.0020000000000000018,,,,,,0.00205328875,3.838714738
2026-08-25 18:58:01,0.003285262,3.82,3.842,0.0020000000000000018,,,,,,0.00205328875,3.838714738
2026-08-25 18:58:01,0.003285262,3.82,3.842,0.0020000000000000018,,,,,,0.00205328875,3.838714738
2026-08-25 18:58:01,0.003285262,3.82,3.842,0.0020000000000000018,,,,,,0.00205328875,3.838714738
2026-08-25 18:58:01,0.003285262,3.82,3.842,0.0020000000000000018,,,,,,0.00205328875,3.838714738
2026-08-25 18:58:02,0.003291011,3.82,3.842,0.0020000000000000018,,,,,,0.002056881875,3.838708989
2026-08-25 18:58:02,0.003291011,3.82,3.842,0.0020000000000000018,,,,,,0.002056881875,3.838708989
2026-08-25 18:58:02,0.003291011,3.82,3.842,0.0020000000000000018,,,,,,0.002056881875,3.838708989
2026-08-25 18:58:02,0.003291011,3.82,3.842,0.0020000000000000018,,,,,,0.002056881875,3.838708989
2026-08-25 18:58:02,0.003291011,3.82,3.842,0.0020000000000000018,,,,,,0.002056881875,3.838708989
2026-08-25 18:58:03,0.00328824,3.82,3.842,0.0020000000000000018,,,,,,0.00205515,3.8387117600000003
2026-08-25 18:58:03,0.00328824,3.82,3.842,0.0020000000000000018,,,,,,0.00205515,3.8387117600000003
2026-08-25 18:58:03,0.00328824,3.82,3.842,0.0020000000000000018,,,,,,0.00205515,3.8387117600000003
2026-08-25 18:58:03,0.00328824,3.82,3.842,0.0020000000000000018,,,,,,0.00205515,3.8387117600000003
2026-08-25 18:58:03,0.00328824,3.82,3.842,0.0020000000000000018,,,,,,0.00205515,3.8387117600000003
2026-08-25 18:58:04,0.003276364,3.82,3.842,0.0020000000000000018,,,,,,0.0020477275,3.838723636
2026-08-25 18:58:04,0.003276364,3.82,3.842,0.0020000000000000018,,,,,,0.0020477275,3.838723636
2026-08-25 18:58:04,0.003276364,3.82,3.842,0.0020000000000000018,,,,,,0.0020477275,3.838723636
2026-08-25 18:58:04,0.003276364,3.82,3.842,0.0020000000000000018,,,,,,0.0020477275,3.838723636
2026-08-25 18:58:04,0.003276364,3.82,3.842,0.0020000000000000018,,,,,,0.0020477275,3.838723636
2026-08-25 18:58:05,0.003288025,3.82,3.842,0.0020000000000000018,,,,,,0.002055015625,3.8387119750000003
2026-08-25 18:58:05,0.003288025,3.82,3.842,0.0020000000000000018,,,,,,0.002055015625,3.8387119750000003
2026-08-25 18:58:05,0.003288025,3.82,3.842,0.0020000000000000018,,,,,,0.002055015625,3.8387119750000003
2026-08-25 18:58:05,0.003288025,3.82,3.842,0.0020000000000000018,,,,,,0.002055015625,3.8387119750000003
2026-08-25 18:58:05,0.003288025,3.82,3.842,0.0020000000000000018,,,,,,0.002055015625,3.8387119750000003
2026-08-25 18:58:06,0.003290931,3.82,3.842,0.0020000000000000018,,,,,,0.002056831875,3.838709069
2026-08-25 18:58:06,0.003290931,3.82,3.842,0.0020000000000000018,,,,,,0.002056831875,3.838709069
2026-08-25 18:58:06,0.003290931,3.82,3.842,0.0020000000000000018,,,,,,0.002056831875,3.838709069
2026-08-25 18:58:06,0.003290931,3.82,3.842,0.0020000000000000018,,,,,,0.002056831875,3.838709069
2026-08-25 18:58:06,0.003290931,3.82,3.842,0.0020000000000000018,,,,,,0.002056831875,3.838709069
2026-08-25 18:58:07,0.003284224,3.82,3.842,0.0020000000000000018,,,,,,0.00205264,3.838715776
2026-08-25 18:58:07,0.003284224,3.82,3.842,0.0020000000000000018,,,,,,0.00205264,3.838715776
2026-08-25 18:58:07,0.003284224,3.82,3.842,0.0020000000000000018,,,,,,0.00205264,3.838715776
2026-08-25 18:58:07,0.003284224,3.82,3.842,0.0020000000000000018,,,,,,0.00205264,3.838715776
2026-08-25 18:58:07,0.003290112,3.82,3.842,0.0020000000000000018,,,,,,0.00205632,3.838709888
2026-08-25 18:58:08,0.003290112,3.82,3.842,0.0020000000000000018,,,,,,0.00205632,3.838709888
2026-08-25 18:58:08,0.003290112,3.82,3.842,0.0020000000000000018,,,,,,0.00205632,3.838709888
2026-08-25 18:58:08,0.003290112,3.82,3.842,0.0020000000000000018,,,,,,0.00205632,3.838709888
2026-08-25 18:58:08,0.003290112,3.82,3.842,0.0020000000000000018,,,,,,0.00205632,3.838709888
2026-08-25 18:58:08,0.003290112,3.82,3.842,0.0020000000000000018,,,,,,0.00205632,3.838709888
2026-08-25 18:58:09,0.003277066,3.82,3.842,0.0020000000000000018,,,,,,0.00204816625,3.838722934
2026-08-25 18:58:09,0.003277066,3.82,3.842,0.0020000000000000018,,,,,,0.00204816625,3.838722934
2026-08-25 18:58:09,0.003277066,3.82,3.842,0.0020000000000000018,,,,,,0.00204816625,3.838722934
2026-08-25 18:58:09,0.003277066,3.82,3.842,0.0020000000000000018,,,,,,0.00204816625,3.838722934
2026-08-25 18:58:09,0.003277066,3.82,3.842,0.0020000000000000018,,,,,,0.00204816625,3.838722934
2026-08-25 18:58:10,0.003286026,3.82,3.842,0.0020000000000000018,,,,,,0.0020537662499999997,3.838713974
2026-08-25 18:58:10,0.003286026,3.82,3.842,0.0020000000000000018,,,,,,0.0020537662499999997,3.838713974
2026-08-25 18:58:10,0.003286026,3.82,3.842,0.0020000000000000018,,,,,,0.0020537662499999997,3.838713974
2026-08-25 18:58:10,0.003286026,3.82,3.842,0.0020000000000000018,,,,,,0.0020537662499999997,3.838713974
2026-08-25 18:58:10,0.003291278,3.82,3.842,0.0020000000000000018,,,,,,0.0020570487499999997,3.8387087220000002
2026-08-25 18:58:11,0.003291278,3.82,3.842,0.0020000000000000018,,,,,,0.0020570487499999997,3.8387087220000002
2026-08-25 18:58:11,0.003291278,3.82,3.842,0.0020000000000000018,,,,,,0.0020570487499999997,3.8387087220000002
2026-08-25 18:58:11,0.003291278,3.82,3.842,0.0020000000000000018,,,,,,0.0020570487499999997,3.8387087220000002
2026-08-25 18:58:11,0.003291278,3.82,3.842,0.0020000000000000018,,,,,,0.0020570487499999997,3.8387087220000002
2026-08-25 18:58:11,0.003291278,3.82,3.842,0.0020000000000000018,,,,,,0.0020570487499999997,3.8387087220000002
2026-08-25 18:58:12,0.003288451,3.82,3.842,0.0020000000000000018,,,,,,0.002055281875,3.838711549
2026-08-25 18:58:12,0.003288451,3.82,3.842,0.0020000000000000018,,,,,,0.002055281875,3.838711549
2026-08-25 18:58:12,0.003288451,3.82,3.842,0.0020000000000000018,,,,,,0.002055281875,3.838711549
2026-08-25 18:58:12,0.003288451,3.82,3.842,0.0020000000000000018,,,,,,0.002055281875,3.838711549
2026-08-25 18:58:12,0.003288451,3.82,3.842,0.0020000000000000018,,,,,,0.002055281875,3.838711549
2026-08-25 18:58:13,0.003289883,3.82,3.842,0.0020000000000000018,,,,,,0.002056176875,3.838710117
2026-08-25 18:58:13,0.003289883,3.82,3.842,0.0020000000000000018,,,,,,0.002056176875,3.838710117
2026-08-25 18:58:13,0.003289883,3.82,3.842,0.0020000000000000018,,,,,,0.002056176875,3.838710117
2026-08-25 18:58:13,0.003289883,3.82,3.842,0.0020000000000000018,,,,,,0.002056176875,3.838710117
2026-08-25 18:58:13,0.003303539,3.82,3.842,0.0020000000000000018,,,,,,0.002064711875,3.838696461
2026-08-25 18:58:14,0.003303539,3.82,3.842,0.0020000000000000018,,,,,,0.002064711875,3.838696461
2026-08-25 18:58:14,0.003303539,3.82,3.842,0.0020000000000000018,,,,,,0.002064711875,3.838696461
2026-08-25 18:58:14,0.003303539,3.82,3.842,0.0020000000000000018,,,,,,0.002064711875,3.838696461
2026-08-25 18:58:14,0.003303539,3.82,3.842,0.0020000000000000018,,,,,,0.002064711875,3.838696461
2026-08-25 18:58:14,0.003303539,3.82,3.842,0.0020000000000000018,,,,,,0.002064711875,3.838696461
2026-08-25 18:58:15,0.003294056,3.82,3.842,0.0020000000000000018,,,,,,0.002058785,3.838705944
2026-08-25 18:58:15,0.003294056,3.82,3.842,0.0020000000000000018,,,,,,0.002058785,3.838705944
2026-08-25 18:58:15,0.003294056,3.82,3.842,0.0020000000000000018,,,,,,0.002058785,3.838705944
2026-08-25 18:58:15,0.003294056,3.82,3.842,0.0020000000000000018,,,,,,0.002058785,3.838705944
2026-08-25 18:58:15,0.003294056,3.82,3.842,0.0020000000000000018,,,,,,0.002058785,3.838705944
2026-08-25 18:58:16,0.00329364,3.82,3.842,0.0020000000000000018,,,,,,0.002058525,3.83870636
2026-08-25 18:58:16,0.00329364,3.82,3.842,0.0020000000000000018,,,,,,0.002058525,3.83870636
2026-08-25 18:58:16,0.00329364,3.82,3.842,0.0020000000000000018,,,,,,0.002058525,3.83870636
2026-08-25 18:58:16,0.00329364,3.82,3.842,0.0020000000000000018,,,,,,0.002058525,3.83870636
2026-08-25 18:58:16,0.003296501,3.82,3.842,0.0020000000000000018,,,,,,0.0020603131249999997,3.838703499
2026-08-25 18:58:17,0.003296501,3.82,3.842,0.0020000000000000018,,,,,,0.0020603131249999997,3.838703499
2026-08-25 18:58:17,0.003296501,3.82,3.842,0.0020000000000000018,,,,,,0.0020603131249999997,3.838703499
2026-08-25 18:58:17,0.003296501,3.82,3.842,0.0020000000000000018,,,,,,0.0020603131249999997,3.838703499
2026-08-25 18:58:17,0.003296501,3.82,3.842,0.0020000000000000018,,,,,,0.0020603131249999997,3.838703499
2026-08-25 18:58:17,0.003296501,3.82,3.842,0.0020000000000000018,,,,,,0.0020603131249999997,3.838703499
2026-08-25 18:58:18,0.003274193,3.82,3.842,0.0020000000000000018,,,,,,0.0020463706249999997,3.838725807
2026-08-25 18:58:18,0.003274193,3.82,3.842,0.0020000000000000018,,,,,,0.0020463706249999997,3.838725807
2026-08-25 18:58:18,0.003274193,3.82,3.842,0.0020000000000000018,,,,,,0.0020463706249999997,3.838725807
2026-08-25 18:58:18,0.003274193,3.82,3.842,0.0020000000000000018,,,,,,0.0020463706249999997,3.838725807
2026-08-25 18:58:18,0.003274193,3.82,3.842,0.0020000000000000018,,,,,,0.0020463706249999997,3.838725807
2026-08-25 18:58:19,0.003274503,3.82,3.842,0.0020000000000000018,,,,,,0.0020465643749999997,3.838725497
2026-08-25 18:58:19,0.003274503,3.82,3.842,0.0020000000000000018,,,,,,0.0020465643749999997,3.838725497
2026-08-25 18:58:19,0.003274503,3.82,3.842,0.0020000000000000018,,,,,,0.0020465643749999997,3.838725497
2026-08-25 18:58:19,0.003274503,3.82,3.842,0.0020000000000000018,,,,,,0.0020465643749999997,3.838725497
2026-08-25 18:58:19,0.003290248,3.82,3.842,0.0020000000000000018,,,,,,0.002056405,3.838709752
2026-08-25 18:58:20,0.003290248,3.82,3.842,0.0020000000000000018,,,,,,0.002056405,3.838709752
2026-08-25 18:58:20,0.003290248,3.82,3.842,0.0020000000000000018,,,,,,0.002056405,3.838709752
2026-08-25 18:58:20,0.003290248,3.82,3.842,0.0020000000000000018,,,,,,0.002056405,3.838709752
2026-08-25 18:58:20,0.003290248,3.82,3.842,0.0020000000000000018,,,,,,0.002056405,3.838709752
2026-08-25 18:58:20,0.003290248,3.82,3.842,0.0020000000000000018,,,,,,0.002056405,3.838709752
2026-08-25 18:58:21,0.003287509,3.82,3.842,0.0020000000000000018,,,,,,0.0020546931249999997,3.838712491
2026-08-25 18:58:21,0.003287509,3.82,3.842,0.0020000000000000018,,,,,,0.0020546931249999997,3.838712491
2026-08-25 18:58:21,0.003287509,3.82,3.842,0.0020000000000000018,,,,,,0.0020546931249999997,3.838712491
2026-08-25 18:58:21,0.003287509,3.82,3.842,0.0020000000000000018,,,,,,0.0020546931249999997,3.838712491
2026-08-25 18:58:21,0.003287509,3.82,3.842,0.0020000000000000018,,,,,,0.0020546931249999997,3.838712491
2026-08-25 18:58:22,0.003297554,3.82,3.842,0.0020000000000000018,,,,,,0.00206097125,3.838702446
2026-08-25 18:58:22,0.003297554,3.82,3.842,0.0020000000000000018,,,,,,0.00206097125,3.838702446
2026-08-25 18:58:22,0.003297554,3.82,3.842,0.0020000000000000018,,,,,,0.00206097125,3.838702446
2026-08-25 18:58:22,0.003297554,3.82,3.842,0.0020000000000000018,,,,,,0.00206097125,3.838702446
2026-08-25 18:58:22,0.003303327,3.82,3.842,0.0020000000000000018,,,,,,0.0020645793749999998,3.8386966730000003
2026-08-25 18:58:23,0.003303327,3.82,3.842,0.0020000000000000018,,,,,,0.0020645793749999998,3.8386966730000003
2026-08-25 18:58:23,0.003303327,3.82,3.842,0.0020000000000000018,,,,,,0.0020645793749999998,3.8386966730000003
2026-08-25 18:58:23,0.003303327,3.82,3.842,0.0020000000000000018,,,,,,0.0020645793749999998,3.8386966730000003
2026-08-25 18:58:23,0.003303327,3.82,3.842,0.0020000000000000018,,,,,,0.0020645793749999998,3.8386966730000003
2026-08-25 18:58:23,0.003303327,3.82,3.842,0.0020000000000000018,,,,,,0.0020645793749999998,3.8386966730000003
2026-08-25 18:58:24,0.003293408,3.82,3.842,0.0020000000000000018,,,,,,0.00205838,3.838706592
2026-08-25 18:58:24,0.003293408,3.82,3.842,0.0020000000000000018,,,,,,0.00205838,3.838706592
2026-08-25 18:58:24,0.003293408,3.82,3.842,0.0020000000000000018,,,,,,0.00205838,3.838706592
2026-08-25 18:58:24,0.003293408,3.82,3.842,0.0020000000000000018,,,,,,0.00205838,3.838706592
2026-08-25 18:58:24,0.003293408,3.82,3.842,0.0020000000000000018,,,,,,0.00205838,3.838706592
2026-08-25 18:58:25,0.003291412,3.82,3.842,0.0020000000000000018,,,,,,0.0020571325,3.8387085880000003
2026-08-25 18:58:25,0.003291412,3.82,3.842,0.0020000000000000018,,,,,,0.0020571325,3.8387085880000003
2026-08-25 18:58:25,0.003291412,3.82,3.842,0.0020000000000000018,,,,,,0.0020571325,3.8387085880000003
2026-08-25 18:58:25,0.003291412,3.82,3.842,0.0020000000000000018,,,,,,0.0020571325,3.8387085880000003
2026-08-25 18:58:25,0.003306511,3.82,3.842,0.0020000000000000018,,,,,,0.0020665693749999997,3.838693489
2026-08-25 18:58:26,0.003306511,3.82,3.842,0.0020000000000000018,,,,,,0.0020665693749999997,3.838693489
2026-08-25 18:58:26,0.003306511,3.82,3.842,0.0020000000000000018,,,,,,0.0020665693749999997,3.838693489
2026-08-25 18:58:26,0.003306511,3.82,3.842,0.0020000000000000018,,,,,,0.0020665693749999997,3.838693489
2026-08-25 18:58:26,0.003306511,3.82,3.842,0.0020000000000000018,,,,,,0.0020665693749999997,3.838693489
2026-08-25 18:58:26,0.003306511,3.82,3.842,0.0020000000000000018,,,,,,0.0020665693749999997,3.838693489
2026-08-25 18:58:27,0.003288671,3.82,3.842,0.0020000000000000018,,,,,,0.002055419375,3.838711329
2026-08-25 18:58:27,0.003288671,3.82,3.842,0.0020000000000000018,,,,,,0.002055419375,3.838711329
2026-08-25 18:58:27,0.003288671,3.82,3.842,0.0020000000000000018,,,,,,0.002055419375,3.838711329
2026-08-25 18:58:27,0.003288671,3.82,3.842,0.0020000000000000018,,,,,,0.002055419375,3.838711329
2026-08-25 18:58:27,0.003288671,3.82,3.842,0.0020000000000000018,,,,,,0.002055419375,3.838711329
2026-08-25 18:58:28,0.003290232,3.82,3.842,0.0020000000000000018,,,,,,0.002056395,3.838709768
2026-08-25 18:58:28,0.003290232,3.82,3.842,0.0020000000000000018,,,,,,0.002056395,3.838709768
2026-08-25 18:58:28,0.003290232,3.82,3.842,0.0020000000000000018,,,,,,0.002056395,3.838709768
2026-08-25 18:58:28,0.003290232,3.82,3.842,0.0020000000000000018,,,,,,0.002056395,3.838709768
2026-08-25 18:58:28,0.003293512,3.82,3.842,0.0020000000000000018,,,,,,0.002058445,3.838706488
2026-08-25 18:58:29,0.003293512,3.82,3.842,0.0020000000000000018,,,,,,0.002058445,3.838706488
2026-08-25 18:58:29,0.003293512,3.82,3.842,0.0020000000000000018,,,,,,0.002058445,3.838706488
2026-08-25 18:58:29,0.003293512,3.82,3.842,0.0020000000000000018,,,,,,0.002058445,3.838706488
2026-08-25 18:58:29,0.003293512,3.82,3.842,0.0020000000000000018,,,,,,0.002058445,3.838706488
2026-08-25 18:58:29,0.003284633,3.82,3.842,0.0020000000000000018,,,,,,0.002052895625,3.8387153670000003
2026-08-25 18:58:30,0.003284633,3.82,3.842,0.0020000000000000018,,,,,,0.002052895625,3.8387153670000003
2026-08-25 18:58:30,0.003284633,3.82,3.842,0.0020000000000000018,,,,,,0.002052895625,3.8387153670000003
2026-08-25 18:58:30,0.003284633,3.82,3.842,0.0020000000000000018,,,,,,0.002052895625,3.8387153670000003
2026-08-25 18:58:30,0.003284633,3.82,3.842,0.0020000000000000018,,,,,,0.002052895625,3.8387153670000003
2026-08-25 18:58:30,0.003284633,3.82,3.842,0.0020000000000000018,,,,,,0.002052895625,3.8387153670000003
2026-08-25 18:58:31,0.003282845,3.82,3.842,0.0020000000000000018,,,,,,0.0020517781249999997,3.838717155
2026-08-25 18:58:31,0.003282845,3.82,3.842,0.0020000000000000018,,,,,,0.0020517781249999997,3.838717155
2026-08-25 18:58:31,0.003282845,3.82,3.842,0.0020000000000000018,,,,,,0.0020517781249999997,3.838717155
2026-08-25 18:58:31,0.003282845,3.82,3.842,0.0020000000000000018,,,,,,0.0020517781249999997,3.838717155
2026-08-25 18:58:31,0.003298603,3.82,3.842,0.0020000000000000018,,,,,,0.002061626875,3.838701397
2026-08-25 18:58:32,0.003298603,3.82,3.842,0.0020000000000000018,,,,,,0.002061626875,3.838701397
2026-08-25 18:58:32,0.003298603,3.82,3.842,0.0020000000000000018,,,,,,0.002061626875,3.838701397
2026-08-25 18:58:32,0.003298603,3.82,3.842,0.0020000000000000018,,,,,,0.002061626875,3.838701397
2026-08-25 18:58:32,0.003298603,3.82,3.842,0.0020000000000000018,,,,,,0.002061626875,3.838701397
2026-08-25 18:58:32,0.003274751,3.82,3.842,0.0020000000000000018,,,,,,0.0020467193749999996,3.838725249
2026-08-25 18:58:33,0.003274751,3.82,3.842,0.0020000000000000018,,,,,,0.0020467193749999996,3.838725249
2026-08-25 18:58:33,0.003274751,3.82,3.842,0.0020000000000000018,,,,,,0.0020467193749999996,3.838725249
2026-08-25 18:58:33,0.003274751,3.82,3.842,0.0020000000000000018,,,,,,0.0020467193749999996,3.838725249
2026-08-25 18:58:33,0.003274751,3.82,3.842,0.0020000000000000018,,,,,,0.0020467193749999996,3.838725249
2026-08-25 18:58:33,0.003274751,3.82,3.842,0.0020000000000000018,,,,,,0.0020467193749999996,3.838725249
2026-08-25 18:58:34,0.003286071,3.82,3.842,0.0020000000000000018,,,,,,0.0020537943749999996,3.8387139290000003
2026-08-25 18:58:34,0.003286071,3.82,3.842,0.0020000000000000018,,,,,,0.0020537943749999996,3.8387139290000003
2026-08-25 18:58:34,0.003286071,3.82,3.842,0.0020000000000000018,,,,,,0.0020537943749999996,3.8387139290000003
2026-08-25 18:58:34,0.003286071,3.82,3.842,0.0020000000000000018,,,,,,0.0020537943749999996,3.8387139290000003
2026-08-25 18:58:34,0.003306976,3.82,3.842,0.0020000000000000018,,,,,,0.00206686,3.838693024
2026-08-25 18:58:35,0.003306976,3.82,3.842,0.0020000000000000018,,,,,,0.00206686,3.838693024
2026-08-25 18:58:35,0.003306976,3.82,3.842,0.0020000000000000018,,,,,,0.00206686,3.838693024
2026-08-25 18:58:35,0.003306976,3.82,3.842,0.0020000000000000018,,,,,,0.00206686,3.838693024
2026-08-25 18:58:35,0.003306976,3.82,3.842,0.0020000000000000018,,,,,,0.00206686,3.838693024
2026-08-25 18:58:35,0.00329742,3.82,3.842,0.0020000000000000018,,,,,,0.0020608875,3.83870258
2026-08-25 18:58:36,0.00329742,3.82,3.842,0.0020000000000000018,,,,,,0.0020608875,3.83870258
2026-08-25 18:58:36,0.00329742,3.82,3.842,0.0020000000000000018,,,,,,0.0020608875,3.83870258
2026-08-25 18:58:36,0.00329742,3.82,3.842,0.0020000000000000018,,,,,,0.0020608875,3.83870258
2026-08-25 18:58:36,0.00329742,3.82,3.842,0.0020000000000000018,,,,,,0.0020608875,3.83870258
2026-08-25 18:58:36,0.00329742,3.82,3.842,0.0020000000000000018,,,,,,0.0020608875,3.83870258
2026-08-25 18:58:37,0.003289538,3.82,3.842,0.0020000000000000018,,,,,,0.0020559612499999997,3.838710462
2026-08-25 18:58:37,0.003289538,3.82,3.842,0.0020000000000000018,,,,,,0.0020559612499999997,3.838710462
2026-08-25 18:58:37,0.003289538,3.82,3.842,0.0020000000000000018,,,,,,0.0020559612499999997,3.838710462
2026-08-25 18:58:37,0.003289538,3.82,3.842,0.0020000000000000018,,,,,,0.0020559612499999997,3.838710462
2026-08-25 18:58:37,0.003283386,3.82,3.842,0.0020000000000000018,,,,,,0.00205211625,3.838716614
2026-08-25 18:58:38,0.003283386,3.82,3.842,0.0020000000000000018,,,,,,0.00205211625,3.838716614
2026-08-25 18:58:38,0.003283386,3.82,3.842,0.0020000000000000018,,,,,,0.00205211625,3.838716614
2026-08-25 18:58:38,0.003283386,3.82,3.842,0.0020000000000000018,,,,,,0.00205211625,3.838716614
2026-08-25 18:58:38,0.003283386,3.82,3.842,0.0020000000000000018,,,,,,0.00205211625,3.838716614
2026-08-25 18:58:38,0.003308482,3.82,3.842,0.0020000000000000018,,,,,,0.00206780125,3.838691518
2026-08-25 18:58:39,0.003308482,3.82,3.842,0.0020000000000000018,,,,,,0.00206780125,3.838691518
2026-08-25 18:58:39,0.003308482,3.82,3.842,0.0020000000000000018,,,,,,0.00206780125,3.838691518
2026-08-25 18:58:39,0.003308482,3.82,3.842,0.0020000000000000018,,,,,,0.00206780125,3.838691518
2026-08-25 18:58:39,0.003308482,3.82,3.842,0.0020000000000000018,,,,,,0.00206780125,3.838691518
2026-08-25 18:58:39,0.003308482,3.82,3.842,0.0020000000000000018,,,,,,0.00206780125,3.838691518
2026-08-25 18:58:40,0.003300159,3.82,3.842,0.0020000000000000018,,,,,,0.002062599375,3.838699841
2026-08-25 18:58:40,0.003300159,3.82,3.842,0.0020000000000000018,,,,,,0.002062599375,3.838699841
2026-08-25 18:58:40,0.003300159,3.82,3.842,0.0020000000000000018,,,,,,0.002062599375,3.838699841
2026-08-25 18:58:40,0.003300159,3.82,3.842,0.0020000000000000018,,,,,,0.002062599375,3.838699841
2026-08-25 18:58:40,0.003291954,3.82,3.842,0.0020000000000000018,,,,,,0.00205747125,3.8387080460000003
2026-08-25 18:58:41,0.003291954,3.82,3.842,0.0020000000000000018,,,,,,0.00205747125,3.8387080460000003
2026-08-25 18:58:41,0.003291954,3.82,3.842,0.0020000000000000018,,,,,,0.00205747125,3.8387080460000003
2026-08-25 18:58:41,0.003291954,3.82,3.842,0.0020000000000000018,,,,,,0.00205747125,3.8387080460000003
2026-08-25 18:58:41,0.003291954,3.82,3.842,0.0020000000000000018,,,,,,0.00205747125,3.8387080460000003
2026-08-25 18:58:41,0.003278026,3.82,3.842,0.0020000000000000018,,,,,,0.00204876625,3.8387219740000003
2026-08-25 18:58:42,0.003278026,3.82,3.842,0.0020000000000000018,,,,,,0.00204876625,3.8387219740000003
2026-08-25 18:58:42,0.003278026,3.82,3.842,0.0020000000000000018,,,,,,0.00204876625,3.8387219740000003
2026-08-25 18:58:42,0.003278026,3.82,3.842,0.0020000000000000018,,,,,,0.00204876625,3.8387219740000003
2026-08-25 18:58:42,0.003278026,3.82,3.842,0.0020000000000000018,,,,,,0.00204876625,3.8387219740000003
2026-08-25 18:58:42,0.003278026,3.82,3.842,0.0020000000000000018,,,,,,0.00204876625,3.8387219740000003
2026-08-25 18:58:43,0.003269226,3.82,3.842,0.0020000000000000018,,,,,,0.00204326625,3.838730774
2026-08-25 18:58:43,0.003269226,3.82,3.842,0.0020000000000000018,,,,,,0.00204326625,3.838730774
2026-08-25 18:58:43,0.003269226,3.82,3.842,0.0020000000000000018,,,,,,0.00204326625,3.838730774
2026-08-25 18:58:43,0.003269226,3.82,3.842,0.0020000000000000018,,,,,,0.00204326625,3.838730774
2026-08-25 18:58:43,0.003271322,3.82,3.842,0.0020000000000000018,,,,,,0.00204457625,3.8387286780000003
2026-08-25 18:58:44,0.003271322,3.82,3.842,0.0020000000000000018,,,,,,0.00204457625,3.8387286780000003
2026-08-25 18:58:44,0.003271322,3.82,3.842,0.0020000000000000018,,,,,,0.00204457625,3.8387286780000003
2026-08-25 18:58:44,0.003271322,3.82,3.842,0.0020000000000000018,,,,,,0.00204457625,3.8387286780000003
2026-08-25 18:58:44,0.003271322,3.82,3.842,0.0020000000000000018,,,,,,0.00204457625,3.8387286780000003
2026-08-25 18:58:44,0.003275165,3.82,3.842,0.0020000000000000018,,,,,,0.002046978125,3.8387248350000003
2026-08-25 18:58:45,0.003275165,3.82,3.842,0.0020000000000000018,,,,,,0.002046978125,3.8387248350000003
2026-08-25 18:58:45,0.003275165,3.82,3.842,0.0020000000000000018,,,,,,0.002046978125,3.8387248350000003
2026-08-25 18:58:45,0.003275165,3.82,3.842,0.0020000000000000018,,,,,,0.002046978125,3.8387248350000003
2026-08-25 18:58:45,0.003275165,3.82,3.842,0.0020000000000000018,,,,,,0.002046978125,3.8387248350000003
2026-08-25 18:58:45,0.003275165,3.82,3.842,0.0020000000000000018,,,,,,0.002046978125,3.8387248350000003
2026-08-25 18:58:46,0.003274868,3.82,3.842,0.0020000000000000018,,,,,,0.0020467924999999997,3.838725132
2026-08-25 18:58:46,0.003274868,3.82,3.842,0.0020000000000000018,,,,,,0.0020467924999999997,3.838725132
2026-08-25 18:58:46,0.003274868,3.82,3.842,0.0020000000000000018,,,,,,0.0020467924999999997,3.838725132
2026-08-25 18:58:46,0.003274868,3.82,3.842,0.0020000000000000018,,,,,,0.0020467924999999997,3.838725132
2026-08-25 18:58:46,0.00329034,3.82,3.842,0.0020000000000000018,,,,,,0.0020564625,3.83870966
2026-08-25 18:58:47,0.00329034,3.82,3.842,0.0020000000000000018,,,,,,0.0020564625,3.83870966
2026-08-25 18:58:47,0.00329034,3.82,3.842,0.0020000000000000018,,,,,,0.0020564625,3.83870966
2026-08-25 18:58:47,0.00329034,3.82,3.842,0.0020000000000000018,,,,,,0.0020564625,3.83870966
2026-08-25 18:58:47,0.00329034,3.82,3.842,0.0020000000000000018,,,,,,0.0020564625,3.83870966
2026-08-25 18:58:47,0.003295846,3.82,3.842,0.0020000000000000018,,,,,,0.0020599037499999997,3.838704154
2026-08-25 18:58:48,0.003295846,3.82,3.842,0.0020000000000000018,,,,,,0.0020599037499999997,3.838704154
2026-08-25 18:58:48,0.003295846,3.82,3.842,0.0020000000000000018,,,,,,0.0020599037499999997,3.838704154
2026-08-25 18:58:48,0.003295846,3.82,3.842,0.0020000000000000018,,,,,,0.0020599037499999997,3.838704154
2026-08-25 18:58:48,0.003295846,3.82,3.842,0.0020000000000000018,,,,,,0.0020599037499999997,3.838704154
2026-08-25 18:58:48,0.003295846,3.82,3.842,0.0020000000000000018,,,,,,0.0020599037499999997,3.838704154
2026-08-25 18:58:49,0.003273247,3.82,3.842,0.0020000000000000018,,,,,,0.002045779375,3.838726753
2026-08-25 18:58:49,0.003273247,3.82,3.842,0.0020000000000000018,,,,,,0.002045779375,3.838726753
2026-08-25 18:58:49,0.003273247,3.82,3.842,0.0020000000000000018,,,,,,0.002045779375,3.838726753
2026-08-25 18:58:49,0.003273247,3.82,3.842,0.0020000000000000018,,,,,,0.002045779375,3.838726753
2026-08-25 18:58:49,0.003266039,3.82,3.842,0.0020000000000000018,,,,,,0.002041274375,3.838733961
2026-08-25 18:58:50,0.003266039,3.82,3.842,0.0020000000000000018,,,,,,0.002041274375,3.838733961
2026-08-25 18:58:50,0.003266039,3.82,3.842,0.0020000000000000018,,,,,,0.002041274375,3.838733961
2026-08-25 18:58:50,0.003266039,3.82,3.842,0.0020000000000000018,,,,,,0.002041274375,3.838733961
2026-08-25 18:58:50,0.003266039,3.82,3.842,0.0020000000000000018,,,,,,0.002041274375,3.838733961
2026-08-25 18:58:50,0.003280057,3.82,3.842,0.0020000000000000018,,,,,,0.0020500356249999996,3.838719943
2026-08-25 18:58:51,0.003280057,3.82,3.842,0.0020000000000000018,,,,,,0.0020500356249999996,3.838719943
2026-08-25 18:58:51,0.003280057,3.82,3.842,0.0020000000000000018,,,,,,0.0020500356249999996,3.838719943
2026-08-25 18:58:51,0.003280057,3.82,3.842,0.0020000000000000018,,,,,,0.0020500356249999996,3.838719943
2026-08-25 18:58:51,0.003280057,3.82,3.842,0.0020000000000000018,,,,,,0.0020500356249999996,3.838719943
2026-08-25 18:58:51,0.00328149,3.82,3.842,0.0020000000000000018,,,,,,0.00205093125,3.83871851
2026-08-25 18:58:52,0.00328149,3.82,3.842,0.0020000000000000018,,,,,,0.00205093125,3.83871851
2026-08-25 18:58:52,0.00328149,3.82,3.842,0.0020000000000000018,,,,,,0.00205093125,3.83871851
2026-08-25 18:58:52,0.00328149,3.82,3.842,0.0020000000000000018,,,,,,0.00205093125,3.83871851
2026-08-25 18:58:52,0.00328149,3.82,3.842,0.0020000000000000018,,,,,,0.00205093125,3.83871851
2026-08-25 18:58:52,0.003275271,3.82,3.842,0.0020000000000000018,,,,,,0.002047044375,3.838724729
2026-08-25 18:58:53,0.003275271,3.82,3.842,0.0020000000000000018,,,,,,0.002047044375,3.838724729
2026-08-25 18:58:53,0.003275271,3.82,3.842,0.0020000000000000018,,,,,,0.002047044375,3.838724729
2026-08-25 18:58:53,0.003275271,3.82,3.842,0.0020000000000000018,,,,,,0.002047044375,3.838724729
2026-08-25 18:58:53,0.003275271,3.82,3.842,0.0020000000000000018,,,,,,0.002047044375,3.838724729
2026-08-25 18:58:53,0.003288717,3.82,3.842,0.0020000000000000018,,,,,,0.002055448125,3.838711283
2026-08-25 18:58:54,0.003288717,3.82,3.842,0.0020000000000000018,,,,,,0.002055448125,3.838711283
2026-08-25 18:58:54,0.003288717,3.82,3.842,0.0020000000000000018,,,,,,0.002055448125,3.838711283
2026-08-25 18:58:54,0.003288717,3.82,3.842,0.0020000000000000018,,,,,,0.002055448125,3.838711283
2026-08-25 18:58:54,0.003288717,3.82,3.842,0.0020000000000000018,,,,,,0.002055448125,3.838711283
2026-08-25 18:58:54,0.003269606,3.82,3.842,0.0020000000000000018,,,,,,0.00204350375,3.838730394
2026-08-25 18:58:55,0.003269606,3.82,3.842,0.0020000000000000018,,,,,,0.00204350375,3.838730394
2026-08-25 18:58:55,0.003269606,3.82,3.842,0.0020000000000000018,,,,,,0.00204350375,3.838730394
2026-08-25 18:58:55,0.003269606,3.82,3.842,0.0020000000000000018,,,,,,0.00204350375,3.838730394
2026-08-25 18:58:55,0.003269606,3.82,3.842,0.0020000000000000018,,,,,,0.00204350375,3.838730394
2026-08-25 18:58:55,0.003265679,3.82,3.842,0.0020000000000000018,,,,,,0.002041049375,3.838734321
2026-08-25 18:58:56,0.003265679,3.82,3.842,0.0020000000000000018,,,,,,0.002041049375,3.838734321
2026-08-25 18:58:56,0.003265679,3.82,3.842,0.0020000000000000018,,,,,,0.002041049375,3.838734321
2026-08-25 18:58:56,0.003265679,3.82,3.842,0.0020000000000000018,,,,,,0.002041049375,3.838734321
2026-08-25 18:58:56,0.003265679,3.82,3.842,0.0020000000000000018,,,,,,0.002041049375,3.838734321
2026-08-25 18:58:56,0.003276308,3.82,3.842,0.0020000000000000018,,,,,,0.0020476925,3.8387236920000003
2026-08-25 18:58:57,0.003276308,3.82,3.842,0.0020000000000000018,,,,,,0.0020476925,3.8387236920000003
2026-08-25 18:58:57,0.003276308,3.82,3.842,0.0020000000000000018,,,,,,0.0020476925,3.8387236920000003
2026-08-25 18:58:57,0.003276308,3.82,3.842,0.0020000000000000018,,,,,,0.0020476925,3.8387236920000003
2026-08-25 18:58:57,0.003276308,3.82,3.842,0.0020000000000000018,,,,,,0.0020476925,3.8387236920000003
2026-08-25 18:58:57,0.003279854,3.82,3.842,0.0020000000000000018,,,,,,0.00204990875,3.838720146
2026-08-25 18:58:58,0.003279854,3.82,3.842,0.0020000000000000018,,,,,,0.00204990875,3.838720146
2026-08-25 18:58:58,0.003279854,3.82,3.842,0.0020000000000000018,,,,,,0.00204990875,3.838720146
2026-08-25 18:58:58,0.003279854,3.82,3.842,0.0020000000000000018,,,,,,0.00204990875,3.838720146
2026-08-25 18:58:58,0.003279854,3.82,3.842,0.0020000000000000018,,,,,,0.00204990875,3.838720146
2026-08-25 18:58:58,0.003277132,3.82,3.842,0.0020000000000000018,,,,,,0.0020482075,3.838722868
2026-08-25 18:58:59,0.003277132,3.82,3.842,0.0020000000000000018,,,,,,0.0020482075,3.838722868
2026-08-25 18:58:59,0.003277132,3.82,3.842,0.0020000000000000018,,,,,,0.0020482075,3.838722868
2026-08-25 18:58:59,0.003277132,3.82,3.842,0.0020000000000000018,,,,,,0.0020482075,3.838722868
2026-08-25 18:58:59,0.003277132,3.82,3.842,0.0020000000000000018,,,,,,0.0020482075,3.838722868
2026-08-25 18:58:59,0.00329009,3.82,3.842,0.0020000000000000018,,,,,,0.00205630625,3.83870991
2026-08-25 18:59:00,0.00329009,3.82,3.842,0.0020000000000000018,,,,,,0.00205630625,3.83870991
2026-08-25 18:59:00,0.00329009,3.82,3.842,0.0020000000000000018,,,,,,0.00205630625,3.83870991
2026-08-25 18:59:00,0.00329009,3.82,3.842,0.0020000000000000018,,,,,,0.00205630625,3.83870991
2026-08-25 18:59:00,0.00329009,3.82,3.842,0.0020000000000000018,,,,,,0.00205630625,3.83870991
2026-08-25 18:59:00,0.003272471,3.82,3.842,0.0020000000000000018,,,,,,0.002045294375,3.8387275290000002
2026-08-25 18:59:01,0.003272471,3.82,3.842,0.0020000000000000018,,,,,,0.002045294375,3.8387275290000002
2026-08-25 18:59:01,0.003272471,3.82,3.842,0.0020000000000000018,,,,,,0.002045294375,3.8387275290000002
2026-08-25 18:59:01,0.003272471,3.82,3.842,0.0020000000000000018,,,,,,0.002045294375,3.8387275290000002
2026-08-25 18:59:01,0.003272471,3.82,3.842,0.0020000000000000018,,,,,,0.002045294375,3.8387275290000002
2026-08-25 18:59:01,0.003289115,3.82,3.842,0.0020000000000000018,,,,,,0.002055696875,3.8387108850000002
2026-08-25 18:59:02,0.003289115,3.82,3.842,0.0020000000000000018,,,,,,0.002055696875,3.8387108850000002
2026-08-25 18:59:02,0.003289115,3.82,3.842,0.0020000000000000018,,,,,,0.002055696875,3.8387108850000002
2026-08-25 18:59:02,0.003289115,3.82,3.842,0.0020000000000000018,,,,,,0.002055696875,3.8387108850000002
2026-08-25 18:59:02,0.003289115,3.82,3.842,0.0020000000000000018,,,,,,0.002055696875,3.8387108850000002
2026-08-25 18:59:02,0.003292487,3.82,3.842,0.0020000000000000018,,,,,,0.002057804375,3.838707513
2026-08-25 18:59:03,0.003292487,3.82,3.842,0.0020000000000000018,,,,,,0.002057804375,3.838707513
2026-08-25 18:59:03,0.003292487,3.82,3.842,0.0020000000000000018,,,,,,0.002057804375,3.838707513
2026-08-25 18:59:03,0.003292487,3.82,3.842,0.0020000000000000018,,,,,,0.002057804375,3.838707513
2026-08-25 18:59:03,0.003292487,3.82,3.842,0.0020000000000000018,,,,,,0.002057804375,3.838707513
2026-08-25 18:59:03,0.003285076,3.82,3.842,0.0020000000000000018,,,,,,0.0020531725,3.838714924
2026-08-25 18:59:04,0.003285076,3.82,3.842,0.0020000000000000018,,,,,,0.0020531725,3.838714924
2026-08-25 18:59:04,0.003285076,3.82,3.842,0.0020000000000000018,,,,,,0.0020531725,3.838714924
2026-08-25 18:59:04,0.003285076,3.82,3.842,0.0020000000000000018,,,,,,0.0020531725,3.838714924
2026-08-25 18:59:04,0.003285076,3.82,3.842,0.0020000000000000018,,,,,,0.0020531725,3.838714924
2026-08-25 18:59:04,0.003268927,3.82,3.842,0.0020000000000000018,,,,,,0.002043079375,3.838731073
2026-08-25 18:59:05,0.003268927,3.82,3.842,0.0020000000000000018,,,,,,0.002043079375,3.838731073
2026-08-25 18:59:05,0.003268927,3.82,3.842,0.0020000000000000018,,,,,,0.002043079375,3.838731073
2026-08-25 18:59:05,0.003268927,3.82,3.842,0.0020000000000000018,,,,,,0.002043079375,3.838731073
2026-08-25 18:59:05,0.003268927,3.82,3.842,0.0020000000000000018,,,,,,0.002043079375,3.838731073
2026-08-25 18:59:05,0.003265989,3.82,3.842,0.0020000000000000018,,,,,,0.002041243125,3.838734011
2026-08-25 18:59:06,0.003265989,3.82,3.842,0.0020000000000000018,,,,,,0.002041243125,3.838734011
2026-08-25 18:59:06,0.003265989,3.82,3.842,0.0020000000000000018,,,,,,0.002041243125,3.838734011
2026-08-25 18:59:06,0.003265989,3.82,3.842,0.0020000000000000018,,,,,,0.002041243125,3.838734011
2026-08-25 18:59:06,0.003265989,3.82,3.842,0.0020000000000000018,,,,,,0.002041243125,3.838734011
2026-08-25 18:59:06,0.003283599,3.82,3.842,0.0020000000000000018,,,,,,0.0020522493749999997,3.838716401
2026-08-25 18:59:07,0.003283599,3.82,3.842,0.0020000000000000018,,,,,,0.0020522493749999997,3.838716401
2026-08-25 18:59:07,0.003283599,3.82,3.842,0.0020000000000000018,,,,,,0.0020522493749999997,3.838716401
2026-08-25 18:59:07,0.003283599,3.82,3.842,0.0020000000000000018,,,,,,0.0020522493749999997,3.838716401
2026-08-25 18:59:07,0.003283599,3.82,3.842,0.0020000000000000018,,,,,,0.0020522493749999997,3.838716401
2026-08-25 18:59:07,0.00329345,3.82,3.842,0.0020000000000000018,,,,,,0.00205840625,3.83870655
2026-08-25 18:59:08,0.00329345,3.82,3.842,0.0020000000000000018,,,,,,0.00205840625,3.83870655
2026-08-25 18:59:08,0.00329345,3.82,3.842,0.0020000000000000018,,,,,,0.00205840625,3.83870655
2026-08-25 18:59:08,0.00329345,3.82,3.842,0.0020000000000000018,,,,,,0.00205840625,3.83870655
2026-08-25 18:59:08,0.00329345,3.82,3.842,0.0020000000000000018,,,,,,0.00205840625,3.83870655
2026-08-25 18:59:08,0.003270398,3.82,3.842,0.0020000000000000018,,,,,,0.0020439987499999996,3.838729602
2026-08-25 18:59:09,0.003270398,3.82,3.842,0.0020000000000000018,,,,,,0.0020439987499999996,3.838729602
2026-08-25 18:59:09,0.003270398,3.82,3.842,0.0020000000000000018,,,,,,0.0020439987499999996,3.838729602
2026-08-25 18:59:09,0.003270398,3.82,3.842,0.0020000000000000018,,,,,,0.0020439987499999996,3.838729602
2026-08-25 18:59:09,0.003270398,3.82,3.842,0.0020000000000000018,,,,,,0.0020439987499999996,3.838729602
2026-08-25 18:59:09,0.003269863,3.82,3.842,0.0020000000000000018,,,,,,0.002043664375,3.838730137
2026-08-25 18:59:10,0.003269863,3.82,3.842,0.0020000000000000018,,,,,,0.002043664375,3.838730137
2026-08-25 18:59:10,0.003269863,3.82,3.842,0.0020000000000000018,,,,,,0.002043664375,3.838730137
2026-08-25 18:59:10,0.003269863,3.82,3.842,0.0020000000000000018,,,,,,0.002043664375,3.838730137
2026-08-25 18:59:10,0.003269863,3.82,3.842,0.0020000000000000018,,,,,,0.002043664375,3.838730137
2026-08-25 18:59:10,0.003271291,3.82,3.842,0.0020000000000000018,,,,,,0.002044556875,3.838728709
2026-08-25 18:59:11,0.003271291,3.82,3.842,0.0020000000000000018,,,,,,0.002044556875,3.838728709
2026-08-25 18:59:11,0.003271291,3.82,3.842,0.0020000000000000018,,,,,,0.002044556875,3.838728709
2026-08-25 18:59:11,0.003271291,3.82,3.842,0.0020000000000000018,,,,,,0.002044556875,3.838728709
2026-08-25 18:59:11,0.003271291,3.82,3.842,0.0020000000000000018,,,,,,0.002044556875,3.838728709
2026-08-25 18:59:11,0.003293774,3.82,3.842,0.0020000000000000018,,,,,,0.00205860875,3.838706226
2026-08-25 18:59:12,0.003293774,3.82,3.842,0.0020000000000000018,,,,,,0.00205860875,3.838706226
2026-08-25 18:59:12,0.003293774,3.82,3.842,0.0020000000000000018,,,,,,0.00205860875,3.838706226
2026-08-25 18:59:12,0.003293774,3.82,3.842,0.0020000000000000018,,,,,,0.00205860875,3.838706226
2026-08-25 18:59:12,0.003293774,3.82,3.842,0.0020000000000000018,,,,,,0.00205860875,3.838706226
2026-08-25 18:59:12,0.003271589,3.82,3.842,0.0020000000000000018,,,,,,0.002044743125,3.838728411
2026-08-25 18:59:13,0.003271589,3.82,3.842,0.0020000000000000018,,,,,,0.002044743125,3.838728411
2026-08-25 18:59:13,0.003271589,3.82,3.842,0.0020000000000000018,,,,,,0.002044743125,3.838728411
2026-08-25 18:59:13,0.003271589,3.82,3.842,0.0020000000000000018,,,,,,0.002044743125,3.838728411
2026-08-25 18:59:13,0.003271589,3.82,3.842,0.0020000000000000018,,,,,,0.002044743125,3.838728411
2026-08-25 18:59:13,0.003279729,3.82,3.842,0.0020000000000000018,,,,,,0.002049830625,3.838720271
2026-08-25 18:59:14,0.003279729,3.82,3.842,0.0020000000000000018,,,,,,0.002049830625,3.838720271
2026-08-25 18:59:14,0.003279729,3.82,3.842,0.0020000000000000018,,,,,,0.002049830625,3.838720271
2026-08-25 18:59:14,0.003279729,3.82,3.842,0.0020000000000000018,,,,,,0.002049830625,3.838720271
2026-08-25 18:59:14,0.003279729,3.82,3.842,0.0020000000000000018,,,,,,0.002049830625,3.838720271
2026-08-25 18:59:14,0.003275744,3.82,3.842,0.0020000000000000018,,,,,,0.00204734,3.838724256
2026-08-25 18:59:15,0.003275744,3.82,3.842,0.0020000000000000018,,,,,,0.00204734,3.838724256
2026-08-25 18:59:15,0.003275744,3.82,3.842,0.0020000000000000018,,,,,,0.00204734,3.838724256
2026-08-25 18:59:15,0.003275744,3.82,3.842,0.0020000000000000018,,,,,,0.00204734,3.838724256
2026-08-25 18:59:15,0.003273637,3.82,3.842,0.0020000000000000018,,,,,,0.0020460231249999996,3.838726363
2026-08-25 18:59:15,0.003273637,3.82,3.842,0.0020000000000000018,,,,,,0.0020460231249999996,3.838726363
2026-08-25 18:59:16,0.003273637,3.82,3.842,0.0020000000000000018,,,,,,0.0020460231249999996,3.838726363
2026-08-25 18:59:16,0.003273637,3.82,3.842,0.0020000000000000018,,,,,,0.0020460231249999996,3.838726363
2026-08-25 18:59:16,0.003273637,3.82,3.842,0.0020000000000000018,,,,,,0.0020460231249999996,3.838726363
2026-08-25 18:59:16,0.003273637,3.82,3.842,0.0020000000000000018,,,,,,0.0020460231249999996,3.838726363
2026-08-25 18:59:16,0.003267669,3.82,3.842,0.0020000000000000018,,,,,,0.0020422931249999996,3.838732331
2026-08-25 18:59:17,0.003267669,3.82,3.842,0.0020000000000000018,,,,,,0.0020422931249999996,3.838732331
2026-08-25 18:59:17,0.003267669,3.82,3.842,0.0020000000000000018,,,,,,0.0020422931249999996,3.838732331
2026-08-25 18:59:17,0.003267669,3.82,3.842,0.0020000000000000018,,,,,,0.0020422931249999996,3.838732331
2026-08-25 18:59:17,0.003267669,3.82,3.842,0.0020000000000000018,,,,,,0.0020422931249999996,3.838732331
2026-08-25 18:59:17,0.003280692,3.82,3.842,0.0020000000000000018,,,,,,0.0020504324999999998,3.838719308
2026-08-25 18:59:18,0.003280692,3.82,3.842,0.0020000000000000018,,,,,,0.0020504324999999998,3.838719308
2026-08-25 18:59:18,0.003280692,3.82,3.842,0.0020000000000000018,,,,,,0.0020504324999999998,3.838719308
2026-08-25 18:59:18,0.003280692,3.82,3.842,0.0020000000000000018,,,,,,0.0020504324999999998,3.838719308
2026-08-25 18:59:18,0.003267291,3.82,3.842,0.0020000000000000018,,,,,,0.002042056875,3.8387327090000003
2026-08-25 18:59:18,0.003267291,3.82,3.842,0.0020000000000000018,,,,,,0.002042056875,3.8387327090000003
2026-08-25 18:59:19,0.003267291,3.82,3.842,0.0020000000000000018,,,,,,0.002042056875,3.8387327090000003
2026-08-25 18:59:19,0.003267291,3.82,3.842,0.0020000000000000018,,,,,,0.002042056875,3.8387327090000003
2026-08-25 18:59:19,0.003267291,3.82,3.842,0.0020000000000000018,,,,,,0.002042056875,3.8387327090000003
2026-08-25 18:59:19,0.003267291,3.82,3.842,0.0020000000000000018,,,,,,0.002042056875,3.8387327090000003
2026-08-25 18:59:19,0.003281144,3.82,3.842,0.0020000000000000018,,,,,,0.002050715,3.8387188560000003
2026-08-25 18:59:20,0.003281144,3.82,3.842,0.0020000000000000018,,,,,,0.002050715,3.8387188560000003
2026-08-25 18:59:20,0.003281144,3.82,3.842,0.0020000000000000018,,,,,,0.002050715,3.8387188560000003
2026-08-25 18:59:20,0.003281144,3.82,3.842,0.0020000000000000018,,,,,,0.002050715,3.8387188560000003
2026-08-25 18:59:20,0.003281144,3.82,3.842,0.0020000000000000018,,,,,,0.002050715,3.8387188560000003
2026-08-25 18:59:20,0.00331333,3.82,3.842,0.0020000000000000018,,,,,,0.00207083125,3.83868667
2026-08-25 18:59:21,0.00331333,3.82,3.842,0.0020000000000000018,,,,,,0.00207083125,3.83868667
2026-08-25 18:59:21,0.00331333,3.82,3.842,0.0020000000000000018,,,,,,0.00207083125,3.83868667
2026-08-25 18:59:21,0.00331333,3.82,3.842,0.0020000000000000018,,,,,,0.00207083125,3.83868667
2026-08-25 18:59:21,0.003311248,3.82,3.842,0.0020000000000000018,,,,,,0.00206953,3.838688752
2026-08-25 18:59:21,0.003311248,3.82,3.842,0.0020000000000000018,,,,,,0.00206953,3.838688752
2026-08-25 18:59:22,0.003311248,3.82,3.842,0.0020000000000000018,,,,,,0.00206953,3.838688752
2026-08-25 18:59:22,0.003311248,3.82,3.842,0.0020000000000000018,,,,,,0.00206953,3.838688752
2026-08-25 18:59:22,0.003311248,3.82,3.842,0.0020000000000000018,,,,,,0.00206953,3.838688752
2026-08-25 18:59:22,0.003311248,3.82,3.842,0.0020000000000000018,,,,,,0.00206953,3.838688752
2026-08-25 18:59:23,0.003252306,3.82,3.842,0.0020000000000000018,,,,,,0.00203269125,3.8387476940000003
2026-08-25 18:59:23,0.003252306,3.82,3.842,0.0020000000000000018,,,,,,0.00203269125,3.8387476940000003
2026-08-25 18:59:23,0.003252306,3.82,3.842,0.0020000000000000018,,,,,,0.00203269125,3.8387476940000003
2026-08-25 18:59:23,0.003252306,3.82,3.842,0.0020000000000000018,,,,,,0.00203269125,3.8387476940000003
2026-08-25 18:59:23,0.003252306,3.82,3.842,0.0020000000000000018,,,,,,0.00203269125,3.8387476940000003
2026-08-25 18:59:24,0.003247646,3.82,3.842,0.0020000000000000018,,,,,,0.00202977875,3.838752354
2026-08-25 18:59:24,0.003247646,3.82,3.842,0.0020000000000000018,,,,,,0.00202977875,3.838752354
2026-08-25 18:59:24,0.003247646,3.82,3.842,0.0020000000000000018,,,,,,0.00202977875,3.838752354
2026-08-25 18:59:24,0.003247646,3.82,3.842,0.0020000000000000018,,,,,,0.00202977875,3.838752354
2026-08-25 18:59:24,0.003249771,3.82,3.842,0.0020000000000000018,,,,,,0.002031106875,3.838750229
2026-08-25 18:59:25,0.003249771,3.82,3.842,0.0020000000000000018,,,,,,0.002031106875,3.838750229
2026-08-25 18:59:25,0.003249771,3.82,3.842,0.0020000000000000018,,,,,,0.002031106875,3.838750229
2026-08-25 18:59:25,0.003249771,3.82,3.842,0.0020000000000000018,,,,,,0.002031106875,3.838750229
2026-08-25 18:59:25,0.003249771,3.82,3.842,0.0020000000000000018,,,,,,0.002031106875,3.838750229
2026-08-25 18:59:25,0.003249771,3.82,3.842,0.0020000000000000018,,,,,,0.002031106875,3.838750229
2026-08-25 18:59:26,0.003259254,3.82,3.842,0.0020000000000000018,,,,,,0.0020370337499999998,3.838740746
2026-08-25 18:59:26,0.003259254,3.82,3.842,0.0020000000000000018,,,,,,0.0020370337499999998,3.838740746
2026-08-25 18:59:26,0.003259254,3.82,3.842,0.0020000000000000018,,,,,,0.0020370337499999998,3.838740746
2026-08-25 18:59:26,0.003259254,3.82,3.842,0.0020000000000000018,,,,,,0.0020370337499999998,3.838740746
2026-08-25 18:59:26,0.003259254,3.82,3.842,0.0020000000000000018,,,,,,0.0020370337499999998,3.838740746
2026-08-25 18:59:27,0.003246841,3.82,3.842,0.0020000000000000018,,,,,,0.0020292756249999998,3.838753159
2026-08-25 18:59:27,0.003246841,3.82,3.842,0.0020000000000000018,,,,,,0.0020292756249999998,3.838753159
2026-08-25 18:59:27,0.003246841,3.82,3.842,0.0020000000000000018,,,,,,0.0020292756249999998,3.838753159
2026-08-25 18:59:27,0.003246841,3.82,3.842,0.0020000000000000018,,,,,,0.0020292756249999998,3.838753159
2026-08-25 18:59:27,0.003247581,3.82,3.842,0.0020000000000000018,,,,,,0.0020297381249999996,3.838752419
2026-08-25 18:59:28,0.003247581,3.82,3.842,0.0020000000000000018,,,,,,0.0020297381249999996,3.838752419
2026-08-25 18:59:28,0.003247581,3.82,3.842,0.0020000000000000018,,,,,,0.0020297381249999996,3.838752419
2026-08-25 18:59:28,0.003247581,3.82,3.842,0.0020000000000000018,,,,,,0.0020297381249999996,3.838752419
2026-08-25 18:59:28,0.003247581,3.82,3.842,0.0020000000000000018,,,,,,0.0020297381249999996,3.838752419
2026-08-25 18:59:28,0.003247581,3.82,3.842,0.0020000000000000018,,,,,,0.0020297381249999996,3.838752419
2026-08-25 18:59:29,0.003250718,3.82,3.842,0.0020000000000000018,,,,,,0.00203169875,3.838749282
2026-08-25 18:59:29,0.003250718,3.82,3.842,0.0020000000000000018,,,,,,0.00203169875,3.838749282
2026-08-25 18:59:29,0.003250718,3.82,3.842,0.0020000000000000018,,,,,,0.00203169875,3.838749282
2026-08-25 18:59:29,0.003250718,3.82,3.842,0.0020000000000000018,,,,,,0.00203169875,3.838749282
2026-08-25 18:59:29,0.003250718,3.82,3.842,0.0020000000000000018,,,,,,0.00203169875,3.838749282
2026-08-25 18:59:30,0.003249194,3.82,3.842,0.0020000000000000018,,,,,,0.00203074625,3.838750806
2026-08-25 18:59:30,0.003249194,3.82,3.842,0.0020000000000000018,,,,,,0.00203074625,3.838750806
2026-08-25 18:59:30,0.003249194,3.82,3.842,0.0020000000000000018,,,,,,0.00203074625,3.838750806
2026-08-25 18:59:30,0.003249194,3.82,3.842,0.0020000000000000018,,,,,,0.00203074625,3.838750806
2026-08-25 18:59:30,0.003246983,3.82,3.842,0.0020000000000000018,,,,,,0.002029364375,3.838753017
2026-08-25 18:59:31,0.003246983,3.82,3.842,0.0020000000000000018,,,,,,0.002029364375,3.838753017
2026-08-25 18:59:31,0.003246983,3.82,3.842,0.0020000000000000018,,,,,,0.002029364375,3.838753017
2026-08-25 18:59:31,0.003246983,3.82,3.842,0.0020000000000000018,,,,,,0.002029364375,3.838753017
2026-08-25 18:59:31,0.003246983,3.82,3.842,0.0020000000000000018,,,,,,0.002029364375,3.838753017
2026-08-25 18:59:31,0.003246983,3.82,3.842,0.0020000000000000018,,,,,,0.002029364375,3.838753017
2026-08-25 18:59:32,0.003248878,3.82,3.842,0.0020000000000000018,,,,,,0.00203054875,3.838751122
2026-08-25 18:59:32,0.003248878,3.82,3.842,0.0020000000000000018,,,,,,0.00203054875,3.838751122
2026-08-25 18:59:32,0.003248878,3.82,3.842,0.0020000000000000018,,,,,,0.00203054875,3.838751122
2026-08-25 18:59:32,0.003248878,3.82,3.842,0.0020000000000000018,,,,,,0.00203054875,3.838751122
2026-08-25 18:59:32,0.003248878,3.82,3.842,0.0020000000000000018,,,,,,0.00203054875,3.838751122
2026-08-25 18:59:33,0.003251842,3.82,3.842,0.0020000000000000018,,,,,,0.00203240125,3.838748158
2026-08-25 18:59:33,0.003251842,3.82,3.842,0.0020000000000000018,,,,,,0.00203240125,3.838748158
2026-08-25 18:59:33,0.003251842,3.82,3.842,0.0020000000000000018,,,,,,0.00203240125,3.838748158
2026-08-25 18:59:33,0.003251842,3.82,3.842,0.0020000000000000018,,,,,,0.00203240125,3.838748158
2026-08-25 18:59:33,0.003249196,3.82,3.842,0.0020000000000000018,,,,,,0.0020307475,3.838750804
2026-08-25 18:59:34,0.003249196,3.82,3.842,0.0020000000000000018,,,,,,0.0020307475,3.838750804
2026-08-25 18:59:34,0.003249196,3.82,3.842,0.0020000000000000018,,,,,,0.0020307475,3.838750804
2026-08-25 18:59:34,0.003249196,3.82,3.842,0.0020000000000000018,,,,,,0.0020307475,3.838750804
2026-08-25 18:59:34,0.003249196,3.82,3.842,0.0020000000000000018,,,,,,0.0020307475,3.838750804
2026-08-25 18:59:34,0.003244293,3.82,3.842,0.0020000000000000018,,,,,,0.002027683125,3.8387557070000002
2026-08-25 18:59:35,0.003244293,3.82,3.842,0.0020000000000000018,,,,,,0.002027683125,3.8387557070000002
2026-08-25 18:59:35,0.003244293,3.82,3.842,0.0020000000000000018,,,,,,0.002027683125,3.8387557070000002
2026-08-25 18:59:35,0.003244293,3.82,3.842,0.0020000000000000018,,,,,,0.002027683125,3.8387557070000002
2026-08-25 18:59:35,0.003244293,3.82,3.842,0.0020000000000000018,,,,,,0.002027683125,3.8387557070000002
2026-08-25 18:59:35,0.003244293,3.82,3.842,0.0020000000000000018,,,,,,0.002027683125,3.8387557070000002
2026-08-25 18:59:36,0.003249614,3.82,3.842,0.0020000000000000018,,,,,,0.00203100875,3.838750386
2026-08-25 18:59:36,0.003249614,3.82,3.842,0.0020000000000000018,,,,,,0.00203100875,3.838750386
2026-08-25 18:59:36,0.003249614,3.82,3.842,0.0020000000000000018,,,,,,0.00203100875,3.838750386
2026-08-25 18:59:36,0.003249614,3.82,3.842,0.0020000000000000018,,,,,,0.00203100875,3.838750386
2026-08-25 18:59:36,0.003250985,3.82,3.842,0.0020000000000000018,,,,,,0.002031865625,3.838749015
2026-08-25 18:59:37,0.003250985,3.82,3.842,0.0020000000000000018,,,,,,0.002031865625,3.838749015
2026-08-25 18:59:37,0.003250985,3.82,3.842,0.0020000000000000018,,,,,,0.002031865625,3.838749015
2026-08-25 18:59:37,0.003250985,3.82,3.842,0.0020000000000000018,,,,,,0.002031865625,3.838749015
2026-08-25 18:59:37,0.003250985,3.82,3.842,0.0020000000000000018,,,,,,0.002031865625,3.838749015
2026-08-25 18:59:37,0.003247237,3.82,3.842,0.0020000000000000018,,,,,,0.002029523125,3.838752763
2026-08-25 18:59:38,0.003247237,3.82,3.842,0.0020000000000000018,,,,,,0.002029523125,3.838752763
2026-08-25 18:59:38,0.003247237,3.82,3.842,0.0020000000000000018,,,,,,0.002029523125,3.838752763
2026-08-25 18:59:38,0.003247237,3.82,3.842,0.0020000000000000018,,,,,,0.002029523125,3.838752763
2026-08-25 18:59:38,0.003247237,3.82,3.842,0.0020000000000000018,,,,,,0.002029523125,3.838752763
2026-08-25 18:59:38,0.003247237,3.82,3.842,0.0020000000000000018,,,,,,0.002029523125,3.838752763
2026-08-25 18:59:39,0.003245683,3.82,3.842,0.0020000000000000018,,,,,,0.002028551875,3.8387543170000002
2026-08-25 18:59:39,0.003245683,3.82,3.842,0.0020000000000000018,,,,,,0.002028551875,3.8387543170000002
2026-08-25 18:59:39,0.003245683,3.82,3.842,0.0020000000000000018,,,,,,0.002028551875,3.8387543170000002
2026-08-25 18:59:39,0.003245683,3.82,3.842,0.0020000000000000018,,,,,,0.002028551875,3.8387543170000002
2026-08-25 18:59:39,0.003251071,3.82,3.842,0.0020000000000000018,,,,,,0.002031919375,3.838748929
2026-08-25 18:59:40,0.003251071,3.82,3.842,0.0020000000000000018,,,,,,0.002031919375,3.838748929
2026-08-25 18:59:40,0.003251071,3.82,3.842,0.0020000000000000018,,,,,,0.002031919375,3.838748929
2026-08-25 18:59:40,0.003251071,3.82,3.842,0.0020000000000000018,,,,,,0.002031919375,3.838748929
2026-08-25 18:59:40,0.003251071,3.82,3.842,0.0020000000000000018,,,,,,0.002031919375,3.838748929
2026-08-25 18:59:40,0.003252518,3.82,3.842,0.0020000000000000018,,,,,,0.0020328237499999996,3.838747482
2026-08-25 18:59:41,0.003252518,3.82,3.842,0.0020000000000000018,,,,,,0.0020328237499999996,3.838747482
2026-08-25 18:59:41,0.003252518,3.82,3.842,0.0020000000000000018,,,,,,0.0020328237499999996,3.838747482
2026-08-25 18:59:41,0.003252518,3.82,3.842,0.0020000000000000018,,,,,,0.0020328237499999996,3.838747482
2026-08-25 18:59:41,0.003252518,3.82,3.842,0.0020000000000000018,,,,,,0.0020328237499999996,3.838747482
2026-08-25 18:59:41,0.003252518,3.82,3.842,0.0020000000000000018,,,,,,0.0020328237499999996,3.838747482
2026-08-25 18:59:42,0.003248116,3.82,3.842,0.0020000000000000018,,,,,,0.0020300725,3.838751884
2026-08-25 18:59:42,0.003248116,3.82,3.842,0.0020000000000000018,,,,,,0.0020300725,3.838751884
2026-08-25 18:59:42,0.003248116,3.82,3.842,0.0020000000000000018,,,,,,0.0020300725,3.838751884
2026-08-25 18:59:42,0.003248116,3.82,3.842,0.0020000000000000018,,,,,,0.0020300725,3.838751884
2026-08-25 18:59:42,0.003295567,3.82,3.842,0.0020000000000000018,,,,,,0.002059729375,3.838704433
2026-08-25 18:59:43,0.003295567,3.82,3.842,0.0020000000000000018,,,,,,0.002059729375,3.838704433
2026-08-25 18:59:43,0.003295567,3.82,3.842,0.0020000000000000018,,,,,,0.002059729375,3.838704433
2026-08-25 18:59:43,0.003295567,3.82,3.842,0.0020000000000000018,,,,,,0.002059729375,3.838704433
2026-08-25 18:59:43,0.003295567,3.82,3.842,0.0020000000000000018,,,,,,0.002059729375,3.838704433
2026-08-25 18:59:43,0.003311095,3.82,3.842,0.0020000000000000018,,,,,,0.002069434375,3.838688905
2026-08-25 18:59:44,0.003311095,3.82,3.842,0.0020000000000000018,,,,,,0.002069434375,3.838688905
2026-08-25 18:59:44,0.003311095,3.82,3.842,0.0020000000000000018,,,,,,0.002069434375,3.838688905
2026-08-25 18:59:44,0.003311095,3.82,3.842,0.0020000000000000018,,,,,,0.002069434375,3.838688905
2026-08-25 18:59:44,0.003311095,3.82,3.842,0.0020000000000000018,,,,,,0.002069434375,3.838688905
2026-08-25 18:59:44,0.003311095,3.82,3.842,0.0020000000000000018,,,,,,0.002069434375,3.838688905
2026-08-25 18:59:45,0.003297895,3.82,3.842,0.0020000000000000018,,,,,,0.002061184375,3.838702105
2026-08-25 18:59:45,0.003297895,3.82,3.842,0.0020000000000000018,,,,,,0.002061184375,3.838702105
2026-08-25 18:59:45,0.003297895,3.82,3.842,0.0020000000000000018,,,,,,0.002061184375,3.838702105
2026-08-25 18:59:45,0.003297895,3.82,3.842,0.0020000000000000018,,,,,,0.002061184375,3.838702105
2026-08-25 18:59:45,0.003302196,3.82,3.842,0.0020000000000000018,,,,,,0.0020638724999999998,3.838697804
2026-08-25 18:59:46,0.003302196,3.82,3.842,0.0020000000000000018,,,,,,0.0020638724999999998,3.838697804
2026-08-25 18:59:46,0.003302196,3.82,3.842,0.0020000000000000018,,,,,,0.0020638724999999998,3.838697804
2026-08-25 18:59:46,0.003302196,3.82,3.842,0.0020000000000000018,,,,,,0.0020638724999999998,3.838697804
2026-08-25 18:59:46,0.003302196,3.82,3.842,0.0020000000000000018,,,,,,0.0020638724999999998,3.838697804
2026-08-25 18:59:46,0.003283247,3.82,3.842,0.0020000000000000018,,,,,,0.0020520293749999997,3.838716753
2026-08-25 18:59:47,0.003283247,3.82,3.842,0.0020000000000000018,,,,,,0.0020520293749999997,3.838716753
2026-08-25 18:59:47,0.003283247,3.82,3.842,0.0020000000000000018,,,,,,0.0020520293749999997,3.838716753
2026-08-25 18:59:47,0.003283247,3.82,3.842,0.0020000000000000018,,,,,,0.0020520293749999997,3.838716753
2026-08-25 18:59:47,0.003283247,3.82,3.842,0.0020000000000000018,,,,,,0.0020520293749999997,3.838716753
2026-08-25 18:59:47,0.003283247,3.82,3.842,0.0020000000000000018,,,,,,0.0020520293749999997,3.838716753
2026-08-25 18:59:48,0.003300018,3.82,3.842,0.0020000000000000018,,,,,,0.00206251125,3.838699982
2026-08-25 18:59:48,0.003300018,3.82,3.842,0.0020000000000000018,,,,,,0.00206251125,3.838699982
2026-08-25 18:59:48,0.003300018,3.82,3.842,0.0020000000000000018,,,,,,0.00206251125,3.838699982
2026-08-25 18:59:48,0.003300018,3.82,3.842,0.0020000000000000018,,,,,,0.00206251125,3.838699982
2026-08-25 18:59:48,0.003287223,3.82,3.842,0.0020000000000000018,,,,,,0.002054514375,3.838712777
2026-08-25 18:59:49,0.003287223,3.82,3.842,0.0020000000000000018,,,,,,0.002054514375,3.838712777
2026-08-25 18:59:49,0.003287223,3.82,3.842,0.0020000000000000018,,,,,,0.002054514375,3.838712777
2026-08-25 18:59:49,0.003287223,3.82,3.842,0.0020000000000000018,,,,,,0.002054514375,3.838712777
2026-08-25 18:59:49,0.003287223,3.82,3.842,0.0020000000000000018,,,,,,0.002054514375,3.838712777
2026-08-25 18:59:49,0.003295999,3.82,3.842,0.0020000000000000018,,,,,,0.0020599993749999997,3.838704001
2026-08-25 18:59:50,0.003295999,3.82,3.842,0.0020000000000000018,,,,,,0.0020599993749999997,3.838704001
2026-08-25 18:59:50,0.003295999,3.82,3.842,0.0020000000000000018,,,,,,0.0020599993749999997,3.838704001
2026-08-25 18:59:50,0.003295999,3.82,3.842,0.0020000000000000018,,,,,,0.0020599993749999997,3.838704001
2026-08-25 18:59:50,0.003295999,3.82,3.842,0.0020000000000000018,,,,,,0.0020599993749999997,3.838704001
2026-08-25 18:59:50,0.003295999,3.82,3.842,0.0020000000000000018,,,,,,0.0020599993749999997,3.838704001
2026-08-25 18:59:51,0.003307411,3.82,3.842,0.0020000000000000018,,,,,,0.002067131875,3.838692589
2026-08-25 18:59:51,0.003307411,3.82,3.842,0.0020000000000000018,,,,,,0.002067131875,3.838692589
2026-08-25 18:59:51,0.003307411,3.82,3.842,0.0020000000000000018,,,,,,0.002067131875,3.838692589
2026-08-25 18:59:51,0.003307411,3.82,3.842,0.0020000000000000018,,,,,,0.002067131875,3.838692589
2026-08-25 18:59:51,0.003295213,3.82,3.842,0.0020000000000000018,,,,,,0.0020595081249999998,3.838704787
2026-08-25 18:59:52,0.003295213,3.82,3.842,0.0020000000000000018,,,,,,0.0020595081249999998,3.838704787
2026-08-25 18:59:52,0.003295213,3.82,3.842,0.0020000000000000018,,,,,,0.0020595081249999998,3.838704787
2026-08-25 18:59:52,0.003295213,3.82,3.842,0.0020000000000000018,,,,,,0.0020595081249999998,3.838704787
2026-08-25 18:59:52,0.003295213,3.82,3.842,0.0020000000000000018,,,,,,0.0020595081249999998,3.838704787
2026-08-25 18:59:52,0.003301067,3.82,3.842,0.0020000000000000018,,,,,,0.002063166875,3.838698933
2026-08-25 18:59:53,0.003301067,3.82,3.842,0.0020000000000000018,,,,,,0.002063166875,3.838698933
2026-08-25 18:59:53,0.003301067,3.82,3.842,0.0020000000000000018,,,,,,0.002063166875,3.838698933
2026-08-25 18:59:53,0.003301067,3.82,3.842,0.0020000000000000018,,,,,,0.002063166875,3.838698933
2026-08-25 18:59:53,0.003301067,3.82,3.842,0.0020000000000000018,,,,,,0.002063166875,3.838698933
2026-08-25 18:59:53,0.003301067,3.82,3.842,0.0020000000000000018,,,,,,0.002063166875,3.838698933
2026-08-25 18:59:54,0.003293815,3.82,3.842,0.0020000000000000018,,,,,,0.002058634375,3.838706185
2026-08-25 18:59:54,0.003293815,3.82,3.842,0.0020000000000000018,,,,,,0.002058634375,3.838706185
2026-08-25 18:59:54,0.003293815,3.82,3.842,0.0020000000000000018,,,,,,0.002058634375,3.838706185
2026-08-25 18:59:54,0.003293815,3.82,3.842,0.0020000000000000018,,,,,,0.002058634375,3.838706185
2026-08-25 18:59:54,0.003302223,3.82,3.842,0.0020000000000000018,,,,,,0.002063889375,3.838697777
2026-08-25 18:59:55,0.003302223,3.82,3.842,0.0020000000000000018,,,,,,0.002063889375,3.838697777
2026-08-25 18:59:55,0.003302223,3.82,3.842,0.0020000000000000018,,,,,,0.002063889375,3.838697777
2026-08-25 18:59:55,0.003302223,3.82,3.842,0.0020000000000000018,,,,,,0.002063889375,3.838697777
2026-08-25 18:59:55,0.003302223,3.82,3.842,0.0020000000000000018,,,,,,0.002063889375,3.838697777
2026-08-25 18:59:55,0.00330855,3.82,3.842,0.0020000000000000018,,,,,,0.00206784375,3.8386914500000002
2026-08-25 18:59:56,0.00330855,3.82,3.842,0.0020000000000000018,,,,,,0.00206784375,3.8386914500000002
2026-08-25 18:59:56,0.00330855,3.82,3.842,0.0020000000000000018,,,,,,0.00206784375,3.8386914500000002
2026-08-25 18:59:56,0.00330855,3.82,3.842,0.0020000000000000018,,,,,,0.00206784375,3.8386914500000002
2026-08-25 18:59:56,0.00330855,3.82,3.842,0.0020000000000000018,,,,,,0.00206784375,3.8386914500000002
2026-08-25 18:59:56,0.003284414,3.82,3.842,0.0020000000000000018,,,,,,0.0020527587499999996,3.838715586
2026-08-25 18:59:57,0.003284414,3.82,3.842,0.0020000000000000018,,,,,,0.0020527587499999996,3.838715586
2026-08-25 18:59:57,0.003284414,3.82,3.842,0.0020000000000000018,,,,,,0.0020527587499999996,3.838715586
2026-08-25 18:59:57,0.003284414,3.82,3.842,0.0020000000000000018,,,,,,0.0020527587499999996,3.838715586
2026-08-25 18:59:57,0.003284414,3.82,3.842,0.0020000000000000018,,,,,,0.0020527587499999996,3.838715586
2026-08-25 18:59:57,0.003280985,3.82,3.842,0.0020000000000000018,,,,,,0.002050615625,3.838719015
2026-08-25 18:59:58,0.003280985,3.82,3.842,0.0020000000000000018,,,,,,0.002050615625,3.838719015
2026-08-25 18:59:58,0.003280985,3.82,3.842,0.0020000000000000018,,,,,,0.002050615625,3.838719015
2026-08-25 18:59:58,0.003280985,3.82,3.842,0.0020000000000000018,,,,,,0.002050615625,3.838719015
2026-08-25 18:59:58,0.003280985,3.82,3.842,0.0020000000000000018,,,,,,0.002050615625,3.838719015
2026-08-25 18:59:58,0.003303875,3.82,3.842,0.0020000000000000018,,,,,,0.002064921875,3.8386961250000002
2026-08-25 18:59:59,0.003303875,3.82,3.842,0.0020000000000000018,,,,,,0.002064921875,3.8386961250000002
2026-08-25 18:59:59,0.003303875,3.82,3.842,0.0020000000000000018,,,,,,0.002064921875,3.8386961250000002
2026-08-25 18:59:59,0.003303875,3.82,3.842,0.0020000000000000018,,,,,,0.002064921875,3.8386961250000002
2026-08-25 18:59:59,0.003303875,3.82,3.842,0.0020000000000000018,,,,,,0.002064921875,3.8386961250000002
2026-08-25 18:59:59,0.003294819,3.82,3.842,0.0020000000000000018,,,,,,0.0020592618749999997,3.838705181
2026-08-25 19:00:00,0.003294819,3.82,3.842,0.0020000000000000018,,,,,,0.0020592618749999997,3.838705181
2026-08-25 19:00:00,0.003294819,3.82,3.842,0.0020000000000000018,,,,,,0.0020592618749999997,3.838705181
2026-08-25 19:00:00,0.003294819,3.82,3.842,0.0020000000000000018,,,,,,0.0020592618749999997,3.838705181
2026-08-25 19:00:00,0.003294819,3.82,3.842,0.0020000000000000018,,,,,,0.0020592618749999997,3.838705181
2026-08-25 19:00:00,0.003297456,3.82,3.842,0.0020000000000000018,,,,,,0.0020609099999999996,3.838702544
2026-08-25 19:00:01,0.003297456,3.82,3.842,0.0020000000000000018,,,,,,0.0020609099999999996,3.838702544
2026-08-25 19:00:01,0.003297456,3.82,3.842,0.0020000000000000018,,,,,,0.0020609099999999996,3.838702544
2026-08-25 19:00:01,0.003297456,3.82,3.842,0.0020000000000000018,,,,,,0.0020609099999999996,3.838702544
2026-08-25 19:00:01,0.003297456,3.82,3.842,0.0020000000000000018,,,,,,0.0020609099999999996,3.838702544
2026-08-25 19:00:01,0.003285956,3.82,3.842,0.0020000000000000018,,,,,,0.0020537224999999997,3.838714044
2026-08-25 19:00:02,0.003285956,3.82,3.842,0.0020000000000000018,,,,,,0.0020537224999999997,3.838714044
2026-08-25 19:00:02,0.003285956,3.82,3.842,0.0020000000000000018,,,,,,0.0020537224999999997,3.838714044
2026-08-25 19:00:02,0.003285956,3.82,3.842,0.0020000000000000018,,,,,,0.0020537224999999997,3.838714044
2026-08-25 19:00:02,0.003285956,3.82,3.842,0.0020000000000000018,,,,,,0.0020537224999999997,3.838714044
2026-08-25 19:00:02,0.003277259,3.82,3.842,0.0020000000000000018,,,,,,0.002048286875,3.838722741
2026-08-25 19:00:03,0.003277259,3.82,3.842,0.0020000000000000018,,,,,,0.002048286875,3.838722741
2026-08-25 19:00:03,0.003277259,3.82,3.842,0.0020000000000000018,,,,,,0.002048286875,3.838722741
2026-08-25 19:00:03,0.003277259,3.82,3.842,0.0020000000000000018,,,,,,0.002048286875,3.838722741
2026-08-25 19:00:03,0.003277259,3.82,3.842,0.0020000000000000018,,,,,,0.002048286875,3.838722741
2026-08-25 19:00:03,0.003301123,3.82,3.842,0.0020000000000000018,,,,,,0.0020632018749999997,3.838698877
2026-08-25 19:00:04,0.003301123,3.82,3.842,0.0020000000000000018,,,,,,0.0020632018749999997,3.838698877
2026-08-25 19:00:04,0.003301123,3.82,3.842,0.0020000000000000018,,,,,,0.0020632018749999997,3.838698877
2026-08-25 19:00:04,0.003301123,3.82,3.842,0.0020000000000000018,,,,,,0.0020632018749999997,3.838698877
2026-08-25 19:00:04,0.003301123,3.82,3.842,0.0020000000000000018,,,,,,0.0020632018749999997,3.838698877
2026-08-25 19:00:04,0.003260207,3.82,3.842,0.0020000000000000018,,,,,,0.002037629375,3.8387397930000002
2026-08-25 19:00:05,0.003260207,3.82,3.842,0.0020000000000000018,,,,,,0.002037629375,3.8387397930000002
2026-08-25 19:00:05,0.003260207,3.82,3.842,0.0020000000000000018,,,,,,0.002037629375,3.8387397930000002
2026-08-25 19:00:05,0.003260207,3.82,3.842,0.0020000000000000018,,,,,,0.002037629375,3.8387397930000002
2026-08-25 19:00:05,0.003260207,3.82,3.842,0.0020000000000000018,,,,,,0.002037629375,3.8387397930000002
2026-08-25 19:00:05,0.003252617,3.82,3.842,0.0020000000000000018,,,,,,0.002032885625,3.8387473830000003
2026-08-25 19:00:06,0.003252617,3.82,3.842,0.0020000000000000018,,,,,,0.002032885625,3.8387473830000003
2026-08-25 19:00:06,0.003252617,3.82,3.842,0.0020000000000000018,,,,,,0.002032885625,3.8387473830000003
2026-08-25 19:00:06,0.003252617,3.82,3.842,0.0020000000000000018,,,,,,0.002032885625,3.8387473830000003
2026-08-25 19:00:06,0.003252617,3.82,3.842,0.0020000000000000018,,,,,,0.002032885625,3.8387473830000003
2026-08-25 19:00:06,0.003254542,3.82,3.842,0.0020000000000000018,,,,,,0.00203408875,3.838745458
2026-08-25 19:00:07,0.003254542,3.82,3.842,0.0020000000000000018,,,,,,0.00203408875,3.838745458
2026-08-25 19:00:07,0.003254542,3.82,3.842,0.0020000000000000018,,,,,,0.00203408875,3.838745458
2026-08-25 19:00:07,0.003254542,3.82,3.842,0.0020000000000000018,,,,,,0.00203408875,3.838745458
2026-08-25 19:00:07,0.003254542,3.82,3.842,0.0020000000000000018,,,,,,0.00203408875,3.838745458
2026-08-25 19:00:07,0.003251443,3.82,3.842,0.0020000000000000018,,,,,,0.002032151875,3.838748557
2026-08-25 19:00:08,0.003251443,3.82,3.842,0.0020000000000000018,,,,,,0.002032151875,3.838748557
2026-08-25 19:00:08,0.003251443,3.82,3.842,0.0020000000000000018,,,,,,0.002032151875,3.838748557
2026-08-25 19:00:08,0.003251443,3.82,3.842,0.0020000000000000018,,,,,,0.002032151875,3.838748557
2026-08-25 19:00:08,0.003251443,3.82,3.842,0.0020000000000000018,,,,,,0.002032151875,3.838748557
2026-08-25 19:00:08,0.003251804,3.82,3.842,0.0020000000000000018,,,,,,0.0020323775,3.838748196
2026-08-25 19:00:09,0.003251804,3.82,3.842,0.0020000000000000018,,,,,,0.0020323775,3.838748196
2026-08-25 19:00:09,0.003251804,3.82,3.842,0.0020000000000000018,,,,,,0.0020323775,3.838748196
2026-08-25 19:00:09,0.003251804,3.82,3.842,0.0020000000000000018,,,,,,0.0020323775,3.838748196
2026-08-25 19:00:09,0.003251804,3.82,3.842,0.0020000000000000018,,,,,,0.0020323775,3.838748196
2026-08-25 19:00:09,0.003253422,3.82,3.842,0.0020000000000000018,,,,,,0.00203338875,3.8387465780000003
2026-08-25 19:00:10,0.003253422,3.82,3.842,0.0020000000000000018,,,,,,0.00203338875,3.8387465780000003
2026-08-25 19:00:10,0.003253422,3.82,3.842,0.0020000000000000018,,,,,,0.00203338875,3.8387465780000003
2026-08-25 19:00:10,0.003253422,3.82,3.842,0.0020000000000000018,,,,,,0.00203338875,3.8387465780000003
2026-08-25 19:00:10,0.003253422,3.82,3.842,0.0020000000000000018,,,,,,0.00203338875,3.8387465780000003
2026-08-25 19:00:10,0.003253584,3.82,3.842,0.0020000000000000018,,,,,,0.0020334899999999998,3.838746416
2026-08-25 19:00:11,0.003253584,3.82,3.842,0.0020000000000000018,,,,,,0.0020334899999999998,3.838746416
2026-08-25 19:00:11,0.003253584,3.82,3.842,0.0020000000000000018,,,,,,0.0020334899999999998,3.838746416
2026-08-25 19:00:11,0.003253584,3.82,3.842,0.0020000000000000018,,,,,,0.0020334899999999998,3.838746416
2026-08-25 19:00:11,0.003253584,3.82,3.842,0.0020000000000000018,,,,,,0.0020334899999999998,3.838746416
2026-08-25 19:00:11,0.003248521,3.82,3.842,0.0020000000000000018,,,,,,0.0020303256249999996,3.838751479
2026-08-25 19:00:12,0.003248521,3.82,3.842,0.0020000000000000018,,,,,,0.0020303256249999996,3.838751479
2026-08-25 19:00:12,0.003248521,3.82,3.842,0.0020000000000000018,,,,,,0.0020303256249999996,3.838751479
2026-08-25 19:00:12,0.003248521,3.82,3.842,0.0020000000000000018,,,,,,0.0020303256249999996,3.838751479
2026-08-25 19:00:12,0.003248521,3.82,3.842,0.0020000000000000018,,,,,,0.0020303256249999996,3.838751479
2026-08-25 19:00:12,0.003248239,3.82,3.842,0.0020000000000000018,,,,,,0.002030149375,3.838751761
2026-08-25 19:00:13,0.003248239,3.82,3.842,0.0020000000000000018,,,,,,0.002030149375,3.838751761
2026-08-25 19:00:13,0.003248239,3.82,3.842,0.0020000000000000018,,,,,,0.002030149375,3.838751761
2026-08-25 19:00:13,0.003248239,3.82,3.842,0.0020000000000000018,,,,,,0.002030149375,3.838751761
2026-08-25 19:00:13,0.003248239,3.82,3.842,0.0020000000000000018,,,,,,0.002030149375,3.838751761
2026-08-25 19:00:13,0.003255597,3.82,3.842,0.0020000000000000018,,,,,,0.002034748125,3.838744403
2026-08-25 19:00:14,0.003255597,3.82,3.842,0.0020000000000000018,,,,,,0.002034748125,3.838744403
2026-08-25 19:00:14,0.003255597,3.82,3.842,0.0020000000000000018,,,,,,0.002034748125,3.838744403
2026-08-25 19:00:14,0.003255597,3.82,3.842,0.0020000000000000018,,,,,,0.002034748125,3.838744403
2026-08-25 19:00:14,0.003255597,3.82,3.842,0.0020000000000000018,,,,,,0.002034748125,3.838744403
2026-08-25 19:00:14,0.003251125,3.82,3.842,0.0020000000000000018,,,,,,0.002031953125,3.8387488750000003
2026-08-25 19:00:15,0.003251125,3.82,3.842,0.0020000000000000018,,,,,,0.002031953125,3.8387488750000003
2026-08-25 19:00:15,0.003251125,3.82,3.842,0.0020000000000000018,,,,,,0.002031953125,3.8387488750000003
2026-08-25 19:00:15,0.003251125,3.82,3.842,0.0020000000000000018,,,,,,0.002031953125,3.8387488750000003
2026-08-25 19:00:15,0.003251125,3.82,3.842,0.0020000000000000018,,,,,,0.002031953125,3.8387488750000003
2026-08-25 19:00:15,0.003248962,3.82,3.842,0.0020000000000000018,,,,,,0.00203060125,3.8387510380000003
2026-08-25 19:00:16,0.003248962,3.82,3.842,0.0020000000000000018,,,,,,0.00203060125,3.8387510380000003
2026-08-25 19:00:16,0.003248962,3.82,3.842,0.0020000000000000018,,,,,,0.00203060125,3.8387510380000003
2026-08-25 19:00:16,0.003248962,3.82,3.842,0.0020000000000000018,,,,,,0.00203060125,3.8387510380000003
2026-08-25 19:00:16,0.003248962,3.82,3.842,0.0020000000000000018,,,,,,0.00203060125,3.8387510380000003
2026-08-25 19:00:16,0.003250624,3.82,3.842,0.0020000000000000018,,,,,,0.00203164,3.838749376
2026-08-25 19:00:17,0.003250624,3.82,3.842,0.0020000000000000018,,,,,,0.00203164,3.838749376
2026-08-25 19:00:17,0.003250624,3.82,3.842,0.0020000000000000018,,,,,,0.00203164,3.838749376
2026-08-25 19:00:17,0.003250624,3.82,3.842,0.0020000000000000018,,,,,,0.00203164,3.838749376
2026-08-25 19:00:17,0.003250624,3.82,3.842,0.0020000000000000018,,,,,,0.00203164,3.838749376
2026-08-25 19:00:17,0.003255883,3.82,3.842,0.0020000000000000018,,,,,,0.002034926875,3.838744117
2026-08-25 19:00:18,0.003255883,3.82,3.842,0.0020000000000000018,,,,,,0.002034926875,3.838744117
2026-08-25 19:00:18,0.003255883,3.82,3.842,0.0020000000000000018,,,,,,0.002034926875,3.838744117
2026-08-25 19:00:18,0.003255883,3.82,3.842,0.0020000000000000018,,,,,,0.002034926875,3.838744117
2026-08-25 19:00:18,0.003255883,3.82,3.842,0.0020000000000000018,,,,,,0.002034926875,3.838744117
2026-08-25 19:00:18,0.003252397,3.82,3.842,0.0020000000000000018,,,,,,0.002032748125,3.8387476030000003
2026-08-25 19:00:19,0.003252397,3.82,3.842,0.0020000000000000018,,,,,,0.002032748125,3.8387476030000003
2026-08-25 19:00:19,0.003252397,3.82,3.842,0.0020000000000000018,,,,,,0.002032748125,3.8387476030000003
2026-08-25 19:00:19,0.003252397,3.82,3.842,0.0020000000000000018,,,,,,0.002032748125,3.8387476030000003
2026-08-25 19:00:19,0.003252397,3.82,3.842,0.0020000000000000018,,,,,,0.002032748125,3.8387476030000003
2026-08-25 19:00:19,0.003248661,3.82,3.842,0.0020000000000000018,,,,,,0.002030413125,3.838751339
2026-08-25 19:00:20,0.003248661,3.82,3.842,0.0020000000000000018,,,,,,0.002030413125,3.838751339
2026-08-25 19:00:20,0.003248661,3.82,3.842,0.0020000000000000018,,,,,,0.002030413125,3.838751339
2026-08-25 19:00:20,0.003248661,3.82,3.842,0.0020000000000000018,,,,,,0.002030413125,3.838751339
2026-08-25 19:00:20,0.003248661,3.82,3.842,0.0020000000000000018,,,,,,0.002030413125,3.838751339
2026-08-25 19:00:20,0.003252417,3.82,3.842,0.0020000000000000018,,,,,,0.002032760625,3.838747583
2026-08-25 19:00:21,0.003252417,3.82,3.842,0.0020000000000000018,,,,,,0.002032760625,3.838747583
2026-08-25 19:00:21,0.003252417,3.82,3.842,0.0020000000000000018,,,,,,0.002032760625,3.838747583
2026-08-25 19:00:21,0.003252417,3.82,3.842,0.0020000000000000018,,,,,,0.002032760625,3.838747583
2026-08-25 19:00:21,0.003252417,3.82,3.842,0.0020000000000000018,,,,,,0.002032760625,3.838747583
2026-08-25 19:00:21,0.003256449,3.82,3.842,0.0020000000000000018,,,,,,0.0020352806249999997,3.838743551
2026-08-25 19:00:22,0.003256449,3.82,3.842,0.0020000000000000018,,,,,,0.0020352806249999997,3.838743551
2026-08-25 19:00:22,0.003256449,3.82,3.842,0.0020000000000000018,,,,,,0.0020352806249999997,3.838743551
2026-08-25 19:00:22,0.003256449,3.82,3.842,0.0020000000000000018,,,,,,0.0020352806249999997,3.838743551
2026-08-25 19:00:22,0.003256449,3.82,3.842,0.0020000000000000018,,,,,,0.0020352806249999997,3.838743551
2026-08-25 19:00:22,0.003251437,3.82,3.842,0.0020000000000000018,,,,,,0.0020321481249999996,3.8387485630000002
2026-08-25 19:00:23,0.003251437,3.82,3.842,0.0020000000000000018,,,,,,0.0020321481249999996,3.8387485630000002
2026-08-25 19:00:23,0.003251437,3.82,3.842,0.0020000000000000018,,,,,,0.0020321481249999996,3.8387485630000002
2026-08-25 19:00:23,0.003251437,3.82,3.842,0.0020000000000000018,,,,,,0.0020321481249999996,3.8387485630000002
2026-08-25 19:00:23,0.003251437,3.82,3.842,0.0020000000000000018,,,,,,0.0020321481249999996,3.8387485630000002
2026-08-25 19:00:23,0.003251522,3.82,3.842,0.0020000000000000018,,,,,,0.00203220125,3.8387484780000003
2026-08-25 19:00:24,0.003251522,3.82,3.842,0.0020000000000000018,,,,,,0.00203220125,3.8387484780000003
2026-08-25 19:00:24,0.003251522,3.82,3.842,0.0020000000000000018,,,,,,0.00203220125,3.8387484780000003
2026-08-25 19:00:24,0.003251522,3.82,3.842,0.0020000000000000018,,,,,,0.00203220125,3.8387484780000003
2026-08-25 19:00:24,0.003251522,3.82,3.842,0.0020000000000000018,,,,,,0.00203220125,3.8387484780000003
2026-08-25 19:00:24,0.003254034,3.82,3.842,0.0020000000000000018,,,,,,0.0020337712499999996,3.8387459660000003
2026-08-25 19:00:25,0.003254034,3.82,3.842,0.0020000000000000018,,,,,,0.0020337712499999996,3.8387459660000003
2026-08-25 19:00:25,0.003254034,3.82,3.842,0.0020000000000000018,,,,,,0.0020337712499999996,3.8387459660000003
2026-08-25 19:00:25,0.003254034,3.82,3.842,0.0020000000000000018,,,,,,0.0020337712499999996,3.8387459660000003
2026-08-25 19:00:25,0.003254034,3.82,3.842,0.0020000000000000018,,,,,,0.0020337712499999996,3.8387459660000003
2026-08-25 19:00:25,0.003254506,3.82,3.842,0.0020000000000000018,,,,,,0.0020340662499999996,3.838745494
2026-08-25 19:00:26,0.003254506,3.82,3.842,0.0020000000000000018,,,,,,0.0020340662499999996,3.838745494
2026-08-25 19:00:26,0.003254506,3.82,3.842,0.0020000000000000018,,,,,,0.0020340662499999996,3.838745494
2026-08-25 19:00:26,0.003254506,3.82,3.842,0.0020000000000000018,,,,,,0.0020340662499999996,3.838745494
2026-08-25 19:00:26,0.003254506,3.82,3.842,0.0020000000000000018,,,,,,0.0020340662499999996,3.838745494
2026-08-25 19:00:26,0.003246935,3.82,3.842,0.0020000000000000018,,,,,,0.0020293343749999996,3.838753065
2026-08-25 19:00:27,0.003246935,3.82,3.842,0.0020000000000000018,,,,,,0.0020293343749999996,3.838753065
2026-08-25 19:00:27,0.003246935,3.82,3.842,0.0020000000000000018,,,,,,0.0020293343749999996,3.838753065
2026-08-25 19:00:27,0.003246935,3.82,3.842,0.0020000000000000018,,,,,,0.0020293343749999996,3.838753065
2026-08-25 19:00:27,0.003246935,3.82,3.842,0.0020000000000000018,,,,,,0.0020293343749999996,3.838753065
2026-08-25 19:00:27,0.003249585,3.82,3.842,0.0020000000000000018,,,,,,0.002030990625,3.8387504150000002
2026-08-25 19:00:28,0.003249585,3.82,3.842,0.0020000000000000018,,,,,,0.002030990625,3.8387504150000002
2026-08-25 19:00:28,0.003249585,3.82,3.842,0.0020000000000000018,,,,,,0.002030990625,3.8387504150000002
2026-08-25 19:00:28,0.003249585,3.82,3.842,0.0020000000000000018,,,,,,0.002030990625,3.8387504150000002
2026-08-25 19:00:28,0.003249585,3.82,3.842,0.0020000000000000018,,,,,,0.002030990625,3.8387504150000002
2026-08-25 19:00:28,0.003254698,3.82,3.842,0.0020000000000000018,,,,,,0.0020341862499999998,3.838745302
2026-08-25 19:00:29,0.003254698,3.82,3.842,0.0020000000000000018,,,,,,0.0020341862499999998,3.838745302
2026-08-25 19:00:29,0.003254698,3.82,3.842,0.0020000000000000018,,,,,,0.0020341862499999998,3.838745302
2026-08-25 19:00:29,0.003254698,3.82,3.842,0.0020000000000000018,,,,,,0.0020341862499999998,3.838745302
2026-08-25 19:00:29,0.003254698,3.82,3.842,0.0020000000000000018,,,,,,0.0020341862499999998,3.838745302
2026-08-25 19:00:29,0.003253814,3.82,3.842,0.0020000000000000018,,,,,,0.0020336337499999996,3.8387461860000003
2026-08-25 19:00:30,0.003253814,3.82,3.842,0.0020000000000000018,,,,,,0.0020336337499999996,3.8387461860000003
2026-08-25 19:00:30,0.003253814,3.82,3.842,0.0020000000000000018,,,,,,0.0020336337499999996,3.8387461860000003
2026-08-25 19:00:30,0.003253814,3.82,3.842,0.0020000000000000018,,,,,,0.0020336337499999996,3.8387461860000003
2026-08-25 19:00:30,0.003253814,3.82,3.842,0.0020000000000000018,,,,,,0.0020336337499999996,3.8387461860000003
2026-08-25 19:00:30,0.003249428,3.82,3.842,0.0020000000000000018,,,,,,0.0020308925,3.838750572
2026-08-25 19:00:31,0.003249428,3.82,3.842,0.0020000000000000018,,,,,,0.0020308925,3.838750572
2026-08-25 19:00:31,0.003249428,3.82,3.842,0.0020000000000000018,,,,,,0.0020308925,3.838750572
2026-08-25 19:00:31,0.003249428,3.82,3.842,0.0020000000000000018,,,,,,0.0020308925,3.838750572
2026-08-25 19:00:31,0.003249428,3.82,3.842,0.0020000000000000018,,,,,,0.0020308925,3.838750572
2026-08-25 19:00:31,0.00325092,3.82,3.842,0.0020000000000000018,,,,,,0.0020318249999999997,3.83874908
2026-08-25 19:00:32,0.00325092,3.82,3.842,0.0020000000000000018,,,,,,0.0020318249999999997,3.83874908
2026-08-25 19:00:32,0.00325092,3.82,3.842,0.0020000000000000018,,,,,,0.0020318249999999997,3.83874908
2026-08-25 19:00:32,0.00325092,3.82,3.842,0.0020000000000000018,,,,,,0.0020318249999999997,3.83874908
2026-08-25 19:00:32,0.00325092,3.82,3.842,0.0020000000000000018,,,,,,0.0020318249999999997,3.83874908
2026-08-25 19:00:32,0.003254738,3.82,3.842,0.0020000000000000018,,,,,,0.00203421125,3.838745262
2026-08-25 19:00:33,0.003254738,3.82,3.842,0.0020000000000000018,,,,,,0.00203421125,3.838745262
2026-08-25 19:00:33,0.003254738,3.82,3.842,0.0020000000000000018,,,,,,0.00203421125,3.838745262
2026-08-25 19:00:33,0.003254738,3.82,3.842,0.0020000000000000018,,,,,,0.00203421125,3.838745262
2026-08-25 19:00:33,0.003254738,3.82,3.842,0.0020000000000000018,,,,,,0.00203421125,3.838745262
2026-08-25 19:00:33,0.003250527,3.82,3.842,0.0020000000000000018,,,,,,0.0020315793749999997,3.838749473
2026-08-25 19:00:34,0.003250527,3.82,3.842,0.0020000000000000018,,,,,,0.0020315793749999997,3.838749473
2026-08-25 19:00:34,0.003250527,3.82,3.842,0.0020000000000000018,,,,,,0.0020315793749999997,3.838749473
2026-08-25 19:00:34,0.003250527,3.82,3.842,0.0020000000000000018,,,,,,0.0020315793749999997,3.838749473
2026-08-25 19:00:34,0.003250527,3.82,3.842,0.0020000000000000018,,,,,,0.0020315793749999997,3.838749473
2026-08-25 19:00:34,0.003248932,3.82,3.842,0.0020000000000000018,,,,,,0.0020305824999999997,3.838751068
2026-08-25 19:00:35,0.003248932,3.82,3.842,0.0020000000000000018,,,,,,0.0020305824999999997,3.838751068
2026-08-25 19:00:35,0.003248932,3.82,3.842,0.0020000000000000018,,,,,,0.0020305824999999997,3.838751068
2026-08-25 19:00:35,0.003248932,3.82,3.842,0.0020000000000000018,,,,,,0.0020305824999999997,3.838751068
2026-08-25 19:00:35,0.003248932,3.82,3.842,0.0020000000000000018,,,,,,0.0020305824999999997,3.838751068
2026-08-25 19:00:35,0.003254425,3.82,3.842,0.0020000000000000018,,,,,,0.002034015625,3.838745575
2026-08-25 19:00:36,0.003254425,3.82,3.842,0.0020000000000000018,,,,,,0.002034015625,3.838745575
2026-08-25 19:00:36,0.003254425,3.82,3.842,0.0020000000000000018,,,,,,0.002034015625,3.838745575
2026-08-25 19:00:36,0.003254425,3.82,3.842,0.0020000000000000018,,,,,,0.002034015625,3.838745575
2026-08-25 19:00:36,0.003257183,3.82,3.842,0.0020000000000000018,,,,,,0.0020357393749999998,3.838742817
2026-08-25 19:00:36,0.003257183,3.82,3.842,0.0020000000000000018,,,,,,0.0020357393749999998,3.838742817
2026-08-25 19:00:37,0.003257183,3.82,3.842,0.0020000000000000018,,,,,,0.0020357393749999998,3.838742817
2026-08-25 19:00:37,0.003257183,3.82,3.842,0.0020000000000000018,,,,,,0.0020357393749999998,3.838742817
2026-08-25 19:00:37,0.003257183,3.82,3.842,0.0020000000000000018,,,,,,0.0020357393749999998,3.838742817
2026-08-25 19:00:37,0.003257183,3.82,3.842,0.0020000000000000018,,,,,,0.0020357393749999998,3.838742817
2026-08-25 19:00:37,0.003252726,3.82,3.842,0.0020000000000000018,,,,,,0.0020329537499999997,3.838747274
2026-08-25 19:00:38,0.003252726,3.82,3.842,0.0020000000000000018,,,,,,0.0020329537499999997,3.838747274
2026-08-25 19:00:38,0.003252726,3.82,3.842,0.0020000000000000018,,,,,,0.0020329537499999997,3.838747274
2026-08-25 19:00:38,0.003252726,3.82,3.842,0.0020000000000000018,,,,,,0.0020329537499999997,3.838747274
2026-08-25 19:00:38,0.003252726,3.82,3.842,0.0020000000000000018,,,,,,0.0020329537499999997,3.838747274
2026-08-25 19:00:38,0.003251313,3.82,3.842,0.0020000000000000018,,,,,,0.002032070625,3.8387486870000003
2026-08-25 19:00:39,0.003251313,3.82,3.842,0.0020000000000000018,,,,,,0.002032070625,3.8387486870000003
2026-08-25 19:00:39,0.003251313,3.82,3.842,0.0020000000000000018,,,,,,0.002032070625,3.8387486870000003
2026-08-25 19:00:39,0.003251313,3.82,3.842,0.0020000000000000018,,,,,,0.002032070625,3.8387486870000003
2026-08-25 19:00:39,0.003253315,3.82,3.842,0.0020000000000000018,,,,,,0.002033321875,3.8387466850000003
2026-08-25 19:00:39,0.003253315,3.82,3.842,0.0020000000000000018,,,,,,0.002033321875,3.8387466850000003
2026-08-25 19:00:40,0.003253315,3.82,3.842,0.0020000000000000018,,,,,,0.002033321875,3.8387466850000003
2026-08-25 19:00:40,0.003253315,3.82,3.842,0.0020000000000000018,,,,,,0.002033321875,3.8387466850000003
2026-08-25 19:00:40,0.003253315,3.82,3.842,0.0020000000000000018,,,,,,0.002033321875,3.8387466850000003
2026-08-25 19:00:40,0.003253315,3.82,3.842,0.0020000000000000018,,,,,,0.002033321875,3.8387466850000003
2026-08-25 19:00:40,0.003254462,3.82,3.842,0.0020000000000000018,,,,,,0.0020340387499999998,3.838745538
2026-08-25 19:00:41,0.003254462,3.82,3.842,0.0020000000000000018,,,,,,0.0020340387499999998,3.838745538
2026-08-25 19:00:41,0.003254462,3.82,3.842,0.0020000000000000018,,,,,,0.0020340387499999998,3.838745538
2026-08-25 19:00:41,0.003254462,3.82,3.842,0.0020000000000000018,,,,,,0.0020340387499999998,3.838745538
2026-08-25 19:00:41,0.003254462,3.82,3.842,0.0020000000000000018,,,,,,0.0020340387499999998,3.838745538
2026-08-25 19:00:41,0.003250197,3.82,3.842,0.0020000000000000018,,,,,,0.002031373125,3.8387498030000002
2026-08-25 19:00:42,0.003250197,3.82,3.842,0.0020000000000000018,,,,,,0.002031373125,3.8387498030000002
2026-08-25 19:00:42,0.003250197,3.82,3.842,0.0020000000000000018,,,,,,0.002031373125,3.8387498030000002
2026-08-25 19:00:42,0.003250197,3.82,3.842,0.0020000000000000018,,,,,,0.002031373125,3.8387498030000002
2026-08-25 19:00:42,0.003248745,3.82,3.842,0.0020000000000000018,,,,,,0.0020304656249999996,3.838751255
2026-08-25 19:00:42,0.003248745,3.82,3.842,0.0020000000000000018,,,,,,0.0020304656249999996,3.838751255
2026-08-25 19:00:43,0.003248745,3.82,3.842,0.0020000000000000018,,,,,,0.0020304656249999996,3.838751255
2026-08-25 19:00:43,0.003248745,3.82,3.842,0.0020000000000000018,,,,,,0.0020304656249999996,3.838751255
2026-08-25 19:00:43,0.003248745,3.82,3.842,0.0020000000000000018,,,,,,0.0020304656249999996,3.838751255
2026-08-25 19:00:43,0.003248745,3.82,3.842,0.0020000000000000018,,,,,,0.0020304656249999996,3.838751255
2026-08-25 19:00:43,0.003255295,3.82,3.842,0.0020000000000000018,,,,,,0.002034559375,3.838744705
2026-08-25 19:00:44,0.003255295,3.82,3.842,0.0020000000000000018,,,,,,0.002034559375,3.838744705
2026-08-25 19:00:44,0.003255295,3.82,3.842,0.0020000000000000018,,,,,,0.002034559375,3.838744705
2026-08-25 19:00:44,0.003255295,3.82,3.842,0.0020000000000000018,,,,,,0.002034559375,3.838744705
2026-08-25 19:00:44,0.003255295,3.82,3.842,0.0020000000000000018,,,,,,0.002034559375,3.838744705
2026-08-25 19:00:44,0.003256201,3.82,3.842,0.0020000000000000018,,,,,,0.0020351256249999997,3.838743799
2026-08-25 19:00:45,0.003256201,3.82,3.842,0.0020000000000000018,,,,,,0.0020351256249999997,3.838743799
2026-08-25 19:00:45,0.003256201,3.82,3.842,0.0020000000000000018,,,,,,0.0020351256249999997,3.838743799
2026-08-25 19:00:45,0.003256201,3.82,3.842,0.0020000000000000018,,,,,,0.0020351256249999997,3.838743799
2026-08-25 19:00:45,0.003249959,3.82,3.842,0.0020000000000000018,,,,,,0.002031224375,3.838750041
2026-08-25 19:00:45,0.003249959,3.82,3.842,0.0020000000000000018,,,,,,0.002031224375,3.838750041
2026-08-25 19:00:46,0.003249959,3.82,3.842,0.0020000000000000018,,,,,,0.002031224375,3.838750041
2026-08-25 19:00:46,0.003249959,3.82,3.842,0.0020000000000000018,,,,,,0.002031224375,3.838750041
2026-08-25 19:00:46,0.003249959,3.82,3.842,0.0020000000000000018,,,,,,0.002031224375,3.838750041
2026-08-25 19:00:46,0.003249959,3.82,3.842,0.0020000000000000018,,,,,,0.002031224375,3.838750041
2026-08-25 19:00:46,0.003249424,3.82,3.842,0.0020000000000000018,,,,,,0.0020308899999999996,3.8387505760000002
2026-08-25 19:00:47,0.003249424,3.82,3.842,0.0020000000000000018,,,,,,0.0020308899999999996,3.8387505760000002
2026-08-25 19:00:47,0.003249424,3.82,3.842,0.0020000000000000018,,,,,,0.0020308899999999996,3.8387505760000002
2026-08-25 19:00:47,0.003249424,3.82,3.842,0.0020000000000000018,,,,,,0.0020308899999999996,3.8387505760000002
2026-08-25 19:00:47,0.003249424,3.82,3.842,0.0020000000000000018,,,,,,0.0020308899999999996,3.8387505760000002
2026-08-25 19:00:47,0.003254504,3.82,3.842,0.0020000000000000018,,,,,,0.002034065,3.838745496
2026-08-25 19:00:48,0.003254504,3.82,3.842,0.0020000000000000018,,,,,,0.002034065,3.838745496
2026-08-25 19:00:48,0.003254504,3.82,3.842,0.0020000000000000018,,,,,,0.002034065,3.838745496
2026-08-25 19:00:48,0.003254504,3.82,3.842,0.0020000000000000018,,,,,,0.002034065,3.838745496
2026-08-25 19:00:48,0.003252874,3.82,3.842,0.0020000000000000018,,,,,,0.00203304625,3.838747126
2026-08-25 19:00:48,0.003252874,3.82,3.842,0.0020000000000000018,,,,,,0.00203304625,3.838747126
2026-08-25 19:00:49,0.003252874,3.82,3.842,0.0020000000000000018,,,,,,0.00203304625,3.838747126
2026-08-25 19:00:49,0.003252874,3.82,3.842,0.0020000000000000018,,,,,,0.00203304625,3.838747126
2026-08-25 19:00:49,0.003252874,3.82,3.842,0.0020000000000000018,,,,,,0.00203304625,3.838747126
2026-08-25 19:00:49,0.003252874,3.82,3.842,0.0020000000000000018,,,,,,0.00203304625,3.838747126
2026-08-25 19:00:49,0.003250233,3.82,3.842,0.0020000000000000018,,,,,,0.0020313956249999997,3.838749767
2026-08-25 19:00:50,0.003250233,3.82,3.842,0.0020000000000000018,,,,,,0.0020313956249999997,3.838749767
2026-08-25 19:00:50,0.003250233,3.82,3.842,0.0020000000000000018,,,,,,0.0020313956249999997,3.838749767
2026-08-25 19:00:50,0.003250233,3.82,3.842,0.0020000000000000018,,,,,,0.0020313956249999997,3.838749767
2026-08-25 19:00:50,0.003250233,3.82,3.842,0.0020000000000000018,,,,,,0.0020313956249999997,3.838749767
2026-08-25 19:00:50,0.003252314,3.82,3.842,0.0020000000000000018,,,,,,0.00203269625,3.838747686
2026-08-25 19:00:51,0.003252314,3.82,3.842,0.0020000000000000018,,,,,,0.00203269625,3.838747686
2026-08-25 19:00:51,0.003252314,3.82,3.842,0.0020000000000000018,,,,,,0.00203269625,3.838747686
2026-08-25 19:00:51,0.003252314,3.82,3.842,0.0020000000000000018,,,,,,0.00203269625,3.838747686
2026-08-25 19:00:51,0.003255618,3.82,3.842,0.0020000000000000018,,,,,,0.00203476125,3.8387443820000002
2026-08-25 19:00:51,0.003255618,3.82,3.842,0.0020000000000000018,,,,,,0.00203476125,3.8387443820000002
2026-08-25 19:00:52,0.003255618,3.82,3.842,0.0020000000000000018,,,,,,0.00203476125,3.8387443820000002
2026-08-25 19:00:52,0.003255618,3.82,3.842,0.0020000000000000018,,,,,,0.00203476125,3.8387443820000002
2026-08-25 19:00:52,0.003255618,3.82,3.842,0.0020000000000000018,,,,,,0.00203476125,3.8387443820000002
2026-08-25 19:00:52,0.003255618,3.82,3.842,0.0020000000000000018,,,,,,0.00203476125,3.8387443820000002
2026-08-25 19:00:52,0.003259632,3.82,3.842,0.0020000000000000018,,,,,,0.00203727,3.8387403680000003
2026-08-25 19:00:53,0.003259632,3.82,3.842,0.0020000000000000018,,,,,,0.00203727,3.8387403680000003
2026-08-25 19:00:53,0.003259632,3.82,3.842,0.0020000000000000018,,,,,,0.00203727,3.8387403680000003
2026-08-25 19:00:53,0.003259632,3.82,3.842,0.0020000000000000018,,,,,,0.00203727,3.8387403680000003
2026-08-25 19:00:53,0.003259632,3.82,3.842,0.0020000000000000018,,,,,,0.00203727,3.8387403680000003
2026-08-25 19:00:53,0.003259559,3.82,3.842,0.0020000000000000018,,,,,,0.002037224375,3.838740441
2026-08-25 19:00:54,0.003259559,3.82,3.842,0.0020000000000000018,,,,,,0.002037224375,3.838740441
2026-08-25 19:00:54,0.003259559,3.82,3.842,0.0020000000000000018,,,,,,0.002037224375,3.838740441
2026-08-25 19:00:54,0.003259559,3.82,3.842,0.0020000000000000018,,,,,,0.002037224375,3.838740441
2026-08-25 19:00:54,0.003249599,3.82,3.842,0.0020000000000000018,,,,,,0.002030999375,3.838750401
2026-08-25 19:00:54,0.003249599,3.82,3.842,0.0020000000000000018,,,,,,0.002030999375,3.838750401
2026-08-25 19:00:55,0.003249599,3.82,3.842,0.0020000000000000018,,,,,,0.002030999375,3.838750401
2026-08-25 19:00:55,0.003249599,3.82,3.842,0.0020000000000000018,,,,,,0.002030999375,3.838750401
2026-08-25 19:00:55,0.003249599,3.82,3.842,0.0020000000000000018,,,,,,0.002030999375,3.838750401
2026-08-25 19:00:55,0.003249599,3.82,3.842,0.0020000000000000018,,,,,,0.002030999375,3.838750401
2026-08-25 19:00:55,0.003255608,3.82,3.842,0.0020000000000000018,,,,,,0.002034755,3.838744392
2026-08-25 19:00:56,0.003255608,3.82,3.842,0.0020000000000000018,,,,,,0.002034755,3.838744392
2026-08-25 19:00:56,0.003255608,3.82,3.842,0.0020000000000000018,,,,,,0.002034755,3.838744392
2026-08-25 19:00:56,0.003255608,3.82,3.842,0.0020000000000000018,,,,,,0.002034755,3.838744392
2026-08-25 19:00:56,0.003255608,3.82,3.842,0.0020000000000000018,,,,,,0.002034755,3.838744392
2026-08-25 19:00:56,0.003250701,3.82,3.842,0.0020000000000000018,,,,,,0.0020316881249999997,3.8387492990000003
2026-08-25 19:00:57,0.003250701,3.82,3.842,0.0020000000000000018,,,,,,0.0020316881249999997,3.8387492990000003
2026-08-25 19:00:57,0.003250701,3.82,3.842,0.0020000000000000018,,,,,,0.0020316881249999997,3.8387492990000003
2026-08-25 19:00:57,0.003250701,3.82,3.842,0.0020000000000000018,,,,,,0.0020316881249999997,3.8387492990000003
2026-08-25 19:00:57,0.003248605,3.82,3.842,0.0020000000000000018,,,,,,0.0020303781249999997,3.838751395
2026-08-25 19:00:57,0.003248605,3.82,3.842,0.0020000000000000018,,,,,,0.0020303781249999997,3.838751395
2026-08-25 19:00:58,0.003248605,3.82,3.842,0.0020000000000000018,,,,,,0.0020303781249999997,3.838751395
2026-08-25 19:00:58,0.003248605,3.82,3.842,0.0020000000000000018,,,,,,0.0020303781249999997,3.838751395
2026-08-25 19:00:58,0.003248605,3.82,3.842,0.0020000000000000018,,,,,,0.0020303781249999997,3.838751395
2026-08-25 19:00:58,0.003248605,3.82,3.842,0.0020000000000000018,,,,,,0.0020303781249999997,3.838751395
2026-08-25 19:00:58,0.00325412,3.82,3.842,0.0020000000000000018,,,,,,0.002033825,3.8387458800000003
2026-08-25 19:00:59,0.00325412,3.82,3.842,0.0020000000000000018,,,,,,0.002033825,3.8387458800000003
2026-08-25 19:00:59,0.00325412,3.82,3.842,0.0020000000000000018,,,,,,0.002033825,3.8387458800000003
2026-08-25 19:00:59,0.00325412,3.82,3.842,0.0020000000000000018,,,,,,0.002033825,3.8387458800000003
2026-08-25 19:00:59,0.00325412,3.82,3.842,0.0020000000000000018,,,,,,0.002033825,3.8387458800000003
2026-08-25 19:00:59,0.003251242,3.82,3.842,0.0020000000000000018,,,,,,0.00203202625,3.838748758
2026-08-25 19:01:00,0.003251242,3.82,3.842,0.0020000000000000018,,,,,,0.00203202625,3.838748758
2026-08-25 19:01:00,0.003251242,3.82,3.842,0.0020000000000000018,,,,,,0.00203202625,3.838748758
2026-08-25 19:01:00,0.003251242,3.82,3.842,0.0020000000000000018,,,,,,0.00203202625,3.838748758
2026-08-25 19:01:00,0.003250212,3.82,3.842,0.0020000000000000018,,,,,,0.0020313825,3.838749788
2026-08-25 19:01:00,0.003250212,3.82,3.842,0.0020000000000000018,,,,,,0.0020313825,3.838749788
2026-08-25 19:01:01,0.003250212,3.82,3.842,0.0020000000000000018,,,,,,0.0020313825,3.838749788
2026-08-25 19:01:01,0.003250212,3.82,3.842,0.0020000000000000018,,,,,,0.0020313825,3.838749788
2026-08-25 19:01:01,0.003250212,3.82,3.842,0.0020000000000000018,,,,,,0.0020313825,3.838749788
2026-08-25 19:01:01,0.003249043,3.82,3.842,0.0020000000000000018,,,,,,0.002030651875,3.8387509570000002
2026-08-25 19:01:01,0.003249043,3.82,3.842,0.0020000000000000018,,,,,,0.002030651875,3.8387509570000002
2026-08-25 19:01:02,0.003249043,3.82,3.842,0.0020000000000000018,,,,,,0.002030651875,3.8387509570000002
2026-08-25 19:01:02,0.003249043,3.82,3.842,0.0020000000000000018,,,,,,0.002030651875,3.8387509570000002
2026-08-25 19:01:02,0.003249043,3.82,3.842,0.0020000000000000018,,,,,,0.002030651875,3.8387509570000002
2026-08-25 19:01:02,0.003249043,3.82,3.842,0.0020000000000000018,,,,,,0.002030651875,3.8387509570000002
2026-08-25 19:01:02,0.003255277,3.82,3.842,0.0020000000000000018,,,,,,0.0020345481249999997,3.838744723
2026-08-25 19:01:03,0.003255277,3.82,3.842,0.0020000000000000018,,,,,,0.0020345481249999997,3.838744723
2026-08-25 19:01:03,0.003255277,3.82,3.842,0.0020000000000000018,,,,,,0.0020345481249999997,3.838744723
2026-08-25 19:01:03,0.003255277,3.82,3.842,0.0020000000000000018,,,,,,0.0020345481249999997,3.838744723
2026-08-25 19:01:03,0.003253308,3.82,3.842,0.0020000000000000018,,,,,,0.0020333175,3.838746692
2026-08-25 19:01:03,0.003253308,3.82,3.842,0.0020000000000000018,,,,,,0.0020333175,3.838746692
2026-08-25 19:01:04,0.003253308,3.82,3.842,0.0020000000000000018,,,,,,0.0020333175,3.838746692
2026-08-25 19:01:04,0.003253308,3.82,3.842,0.0020000000000000018,,,,,,0.0020333175,3.838746692
2026-08-25 19:01:04,0.003253308,3.82,3.842,0.0020000000000000018,,,,,,0.0020333175,3.838746692
2026-08-25 19:01:04,0.003248837,3.82,3.842,0.0020000000000000018,,,,,,0.0020305231249999997,3.838751163
2026-08-25 19:01:04,0.003248837,3.82,3.842,0.0020000000000000018,,,,,,0.0020305231249999997,3.838751163
2026-08-25 19:01:05,0.003248837,3.82,3.842,0.0020000000000000018,,,,,,0.0020305231249999997,3.838751163
2026-08-25 19:01:05,0.003248837,3.82,3.842,0.0020000000000000018,,,,,,0.0020305231249999997,3.838751163
2026-08-25 19:01:05,0.003248837,3.82,3.842,0.0020000000000000018,,,,,,0.0020305231249999997,3.838751163
2026-08-25 19:01:05,0.003248837,3.82,3.842,0.0020000000000000018,,,,,,0.0020305231249999997,3.838751163
2026-08-25 19:01:05,0.003252746,3.82,3.842,0.0020000000000000018,,,,,,0.0020329662499999996,3.8387472540000003
2026-08-25 19:01:06,0.003252746,3.82,3.842,0.0020000000000000018,,,,,,0.0020329662499999996,3.8387472540000003
2026-08-25 19:01:06,0.003252746,3.82,3.842,0.0020000000000000018,,,,,,0.0020329662499999996,3.8387472540000003
2026-08-25 19:01:06,0.003252746,3.82,3.842,0.0020000000000000018,,,,,,0.0020329662499999996,3.8387472540000003
2026-08-25 19:01:06,0.003256286,3.82,3.842,0.0020000000000000018,,,,,,0.00203517875,3.838743714
2026-08-25 19:01:06,0.003256286,3.82,3.842,0.0020000000000000018,,,,,,0.00203517875,3.838743714
2026-08-25 19:01:07,0.003256286,3.82,3.842,0.0020000000000000018,,,,,,0.00203517875,3.838743714
2026-08-25 19:01:07,0.003256286,3.82,3.842,0.0020000000000000018,,,,,,0.00203517875,3.838743714
2026-08-25 19:01:07,0.003256286,3.82,3.842,0.0020000000000000018,,,,,,0.00203517875,3.838743714
2026-08-25 19:01:07,0.00325348,3.82,3.842,0.0020000000000000018,,,,,,0.0020334249999999997,3.83874652
2026-08-25 19:01:07,0.00325348,3.82,3.842,0.0020000000000000018,,,,,,0.0020334249999999997,3.83874652
2026-08-25 19:01:08,0.00325348,3.82,3.842,0.0020000000000000018,,,,,,0.0020334249999999997,3.83874652
2026-08-25 19:01:08,0.00325348,3.82,3.842,0.0020000000000000018,,,,,,0.0020334249999999997,3.83874652
2026-08-25 19:01:08,0.00325348,3.82,3.842,0.0020000000000000018,,,,,,0.0020334249999999997,3.83874652
2026-08-25 19:01:08,0.00325348,3.82,3.842,0.0020000000000000018,,,,,,0.0020334249999999997,3.83874652
2026-08-25 19:01:08,0.003249959,3.82,3.842,0.0020000000000000018,,,,,,0.002031224375,3.838750041
2026-08-25 19:01:09,0.003249959,3.82,3.842,0.0020000000000000018,,,,,,0.002031224375,3.838750041
2026-08-25 19:01:09,0.003249959,3.82,3.842,0.0020000000000000018,,,,,,0.002031224375,3.838750041
2026-08-25 19:01:09,0.003249959,3.82,3.842,0.0020000000000000018,,,,,,0.002031224375,3.838750041
2026-08-25 19:01:09,0.00325284,3.82,3.842,0.0020000000000000018,,,,,,0.002033025,3.83874716
2026-08-25 19:01:09,0.00325284,3.82,3.842,0.0020000000000000018,,,,,,0.002033025,3.83874716
2026-08-25 19:01:10,0.00325284,3.82,3.842,0.0020000000000000018,,,,,,0.002033025,3.83874716
2026-08-25 19:01:10,0.00325284,3.82,3.842,0.0020000000000000018,,,,,,0.002033025,3.83874716
2026-08-25 19:01:10,0.00325284,3.82,3.842,0.0020000000000000018,,,,,,0.002033025,3.83874716
2026-08-25 19:01:10,0.003254655,3.82,3.842,0.0020000000000000018,,,,,,0.002034159375,3.838745345
2026-08-25 19:01:10,0.003254655,3.82,3.842,0.0020000000000000018,,,,,,0.002034159375,3.838745345
2026-08-25 19:01:11,0.003254655,3.82,3.842,0.0020000000000000018,,,,,,0.002034159375,3.838745345
2026-08-25 19:01:11,0.003254655,3.82,3.842,0.0020000000000000018,,,,,,0.002034159375,3.838745345
2026-08-25 19:01:11,0.003254655,3.82,3.842,0.0020000000000000018,,,,,,0.002034159375,3.838745345
2026-08-25 19:01:11,0.003254655,3.82,3.842,0.0020000000000000018,,,,,,0.002034159375,3.838745345
2026-08-25 19:01:11,0.003251305,3.82,3.842,0.0020000000000000018,,,,,,0.0020320656249999997,3.838748695
2026-08-25 19:01:12,0.003251305,3.82,3.842,0.0020000000000000018,,,,,,0.0020320656249999997,3.838748695
2026-08-25 19:01:12,0.003251305,3.82,3.842,0.0020000000000000018,,,,,,0.0020320656249999997,3.838748695
2026-08-25 19:01:12,0.003251305,3.82,3.842,0.0020000000000000018,,,,,,0.0020320656249999997,3.838748695
2026-08-25 19:01:12,0.003248126,3.82,3.842,0.0020000000000000018,,,,,,0.00203007875,3.838751874
2026-08-25 19:01:12,0.003248126,3.82,3.842,0.0020000000000000018,,,,,,0.00203007875,3.838751874
2026-08-25 19:01:13,0.003248126,3.82,3.842,0.0020000000000000018,,,,,,0.00203007875,3.838751874
2026-08-25 19:01:13,0.003248126,3.82,3.842,0.0020000000000000018,,,,,,0.00203007875,3.838751874
2026-08-25 19:01:13,0.003248126,3.82,3.842,0.0020000000000000018,,,,,,0.00203007875,3.838751874
2026-08-25 19:01:13,0.003253397,3.82,3.842,0.0020000000000000018,,,,,,0.0020333731249999997,3.838746603
2026-08-25 19:01:13,0.003253397,3.82,3.842,0.0020000000000000018,,,,,,0.0020333731249999997,3.838746603
2026-08-25 19:01:14,0.003253397,3.82,3.842,0.0020000000000000018,,,,,,0.0020333731249999997,3.838746603
2026-08-25 19:01:14,0.003253397,3.82,3.842,0.0020000000000000018,,,,,,0.0020333731249999997,3.838746603
2026-08-25 19:01:14,0.003253397,3.82,3.842,0.0020000000000000018,,,,,,0.0020333731249999997,3.838746603
2026-08-25 19:01:14,0.003253397,3.82,3.842,0.0020000000000000018,,,,,,0.0020333731249999997,3.838746603
2026-08-25 19:01:14,0.003252243,3.82,3.842,0.0020000000000000018,,,,,,0.002032651875,3.838747757
2026-08-25 19:01:15,0.003252243,3.82,3.842,0.0020000000000000018,,,,,,0.002032651875,3.838747757
2026-08-25 19:01:15,0.003252243,3.82,3.842,0.0020000000000000018,,,,,,0.002032651875,3.838747757
2026-08-25 19:01:15,0.003252243,3.82,3.842,0.0020000000000000018,,,,,,0.002032651875,3.838747757
2026-08-25 19:01:15,0.003248045,3.82,3.842,0.0020000000000000018,,,,,,0.002030028125,3.838751955
2026-08-25 19:01:15,0.003248045,3.82,3.842,0.0020000000000000018,,,,,,0.002030028125,3.838751955
2026-08-25 19:01:16,0.003248045,3.82,3.842,0.0020000000000000018,,,,,,0.002030028125,3.838751955
2026-08-25 19:01:16,0.003248045,3.82,3.842,0.0020000000000000018,,,,,,0.002030028125,3.838751955
2026-08-25 19:01:16,0.003248045,3.82,3.842,0.0020000000000000018,,,,,,0.002030028125,3.838751955
2026-08-25 19:01:16,0.003251452,3.82,3.842,0.0020000000000000018,,,,,,0.0020321575,3.838748548
2026-08-25 19:01:16,0.003251452,3.82,3.842,0.0020000000000000018,,,,,,0.0020321575,3.838748548
2026-08-25 19:01:17,0.003251452,3.82,3.842,0.0020000000000000018,,,,,,0.0020321575,3.838748548
2026-08-25 19:01:17,0.003251452,3.82,3.842,0.0020000000000000018,,,,,,0.0020321575,3.838748548
2026-08-25 19:01:17,0.003251452,3.82,3.842,0.0020000000000000018,,,,,,0.0020321575,3.838748548
2026-08-25 19:01:17,0.003251452,3.82,3.842,0.0020000000000000018,,,,,,0.0020321575,3.838748548
2026-08-25 19:01:17,0.003255847,3.82,3.842,0.0020000000000000018,,,,,,0.002034904375,3.838744153
2026-08-25 19:01:18,0.003255847,3.82,3.842,0.0020000000000000018,,,,,,0.002034904375,3.838744153
2026-08-25 19:01:18,0.003255847,3.82,3.842,0.0020000000000000018,,,,,,0.002034904375,3.838744153
2026-08-25 19:01:18,0.003255847,3.82,3.842,0.0020000000000000018,,,,,,0.002034904375,3.838744153
2026-08-25 19:01:18,0.003253066,3.82,3.842,0.0020000000000000018,,,,,,0.00203316625,3.838746934
2026-08-25 19:01:18,0.003253066,3.82,3.842,0.0020000000000000018,,,,,,0.00203316625,3.838746934
2026-08-25 19:01:19,0.003253066,3.82,3.842,0.0020000000000000018,,,,,,0.00203316625,3.838746934
2026-08-25 19:01:19,0.003253066,3.82,3.842,0.0020000000000000018,,,,,,0.00203316625,3.838746934
2026-08-25 19:01:19,0.003253066,3.82,3.842,0.0020000000000000018,,,,,,0.00203316625,3.838746934
2026-08-25 19:01:19,0.003248174,3.82,3.842,0.0020000000000000018,,,,,,0.0020301087499999997,3.838751826
2026-08-25 19:01:19,0.003248174,3.82,3.842,0.0020000000000000018,,,,,,0.0020301087499999997,3.838751826
2026-08-25 19:01:20,0.003248174,3.82,3.842,0.0020000000000000018,,,,,,0.0020301087499999997,3.838751826
2026-08-25 19:01:20,0.003248174,3.82,3.842,0.0020000000000000018,,,,,,0.0020301087499999997,3.838751826
2026-08-25 19:01:20,0.003248174,3.82,3.842,0.0020000000000000018,,,,,,0.0020301087499999997,3.838751826
2026-08-25 19:01:20,0.003250542,3.82,3.842,0.0020000000000000018,,,,,,0.00203158875,3.838749458
2026-08-25 19:01:20,0.003250542,3.82,3.842,0.0020000000000000018,,,,,,0.00203158875,3.838749458
2026-08-25 19:01:21,0.003250542,3.82,3.842,0.0020000000000000018,,,,,,0.00203158875,3.838749458
2026-08-25 19:01:21,0.003250542,3.82,3.842,0.0020000000000000018,,,,,,0.00203158875,3.838749458
2026-08-25 19:01:21,0.003250542,3.82,3.842,0.0020000000000000018,,,,,,0.00203158875,3.838749458
2026-08-25 19:01:21,0.003256124,3.82,3.842,0.0020000000000000018,,,,,,0.0020350775,3.838743876
2026-08-25 19:01:21,0.003256124,3.82,3.842,0.0020000000000000018,,,,,,0.0020350775,3.838743876
2026-08-25 19:01:22,0.003256124,3.82,3.842,0.0020000000000000018,,,,,,0.0020350775,3.838743876
2026-08-25 19:01:22,0.003256124,3.82,3.842,0.0020000000000000018,,,,,,0.0020350775,3.838743876
2026-08-25 19:01:22,0.003256124,3.82,3.842,0.0020000000000000018,,,,,,0.0020350775,3.838743876
2026-08-25 19:01:22,0.003252609,3.82,3.842,0.0020000000000000018,,,,,,0.002032880625,3.838747391
2026-08-25 19:01:22,0.003252609,3.82,3.842,0.0020000000000000018,,,,,,0.002032880625,3.838747391
2026-08-25 19:01:23,0.003252609,3.82,3.842,0.0020000000000000018,,,,,,0.002032880625,3.838747391
2026-08-25 19:01:23,0.003252609,3.82,3.842,0.0020000000000000018,,,,,,0.002032880625,3.838747391
2026-08-25 19:01:23,0.003252609,3.82,3.842,0.0020000000000000018,,,,,,0.002032880625,3.838747391
2026-08-25 19:01:23,0.003247343,3.82,3.842,0.0020000000000000018,,,,,,0.002029589375,3.838752657
2026-08-25 19:01:23,0.003247343,3.82,3.842,0.0020000000000000018,,,,,,0.002029589375,3.838752657
2026-08-25 19:01:24,0.003247343,3.82,3.842,0.0020000000000000018,,,,,,0.002029589375,3.838752657
2026-08-25 19:01:24,0.003247343,3.82,3.842,0.0020000000000000018,,,,,,0.002029589375,3.838752657
2026-08-25 19:01:24,0.003247343,3.82,3.842,0.0020000000000000018,,,,,,0.002029589375,3.838752657
2026-08-25 19:01:24,0.003252335,3.82,3.842,0.0020000000000000018,,,,,,0.002032709375,3.838747665
2026-08-25 19:01:24,0.003252335,3.82,3.842,0.0020000000000000018,,,,,,0.002032709375,3.838747665
2026-08-25 19:01:25,0.003252335,3.82,3.842,0.0020000000000000018,,,,,,0.002032709375,3.838747665
2026-08-25 19:01:25,0.003252335,3.82,3.842,0.0020000000000000018,,,,,,0.002032709375,3.838747665
2026-08-25 19:01:25,0.003252335,3.82,3.842,0.0020000000000000018,,,,,,0.002032709375,3.838747665
2026-08-25 19:01:25,0.00325695,3.82,3.842,0.0020000000000000018,,,,,,0.00203559375,3.83874305
2026-08-25 19:01:25,0.00325695,3.82,3.842,0.0020000000000000018,,,,,,0.00203559375,3.83874305
2026-08-25 19:01:26,0.00325695,3.82,3.842,0.0020000000000000018,,,,,,0.00203559375,3.83874305
2026-08-25 19:01:26,0.00325695,3.82,3.842,0.0020000000000000018,,,,,,0.00203559375,3.83874305
2026-08-25 19:01:26,0.00325695,3.82,3.842,0.0020000000000000018,,,,,,0.00203559375,3.83874305
2026-08-25 19:01:26,0.003250674,3.82,3.842,0.0020000000000000018,,,,,,0.00203167125,3.8387493260000003
2026-08-25 19:01:26,0.003250674,3.82,3.842,0.0020000000000000018,,,,,,0.00203167125,3.8387493260000003
2026-08-25 19:01:27,0.003250674,3.82,3.842,0.0020000000000000018,,,,,,0.00203167125,3.8387493260000003
2026-08-25 19:01:27,0.003250674,3.82,3.842,0.0020000000000000018,,,,,,0.00203167125,3.8387493260000003
2026-08-25 19:01:27,0.003250674,3.82,3.842,0.0020000000000000018,,,,,,0.00203167125,3.8387493260000003
2026-08-25 19:01:27,0.003249184,3.82,3.842,0.0020000000000000018,,,,,,0.00203074,3.838750816
2026-08-25 19:01:27,0.003249184,3.82,3.842,0.0020000000000000018,,,,,,0.00203074,3.838750816
2026-08-25 19:01:28,0.003249184,3.82,3.842,0.0020000000000000018,,,,,,0.00203074,3.838750816
2026-08-25 19:01:28,0.003249184,3.82,3.842,0.0020000000000000018,,,,,,0.00203074,3.838750816
2026-08-25 19:01:28,0.003249184,3.82,3.842,0.0020000000000000018,,,,,,0.00203074,3.838750816
2026-08-25 19:01:28,0.003255049,3.82,3.842,0.0020000000000000018,,,,,,0.0020344056249999997,3.8387449510000002
2026-08-25 19:01:28,0.003255049,3.82,3.842,0.0020000000000000018,,,,,,0.0020344056249999997,3.8387449510000002
2026-08-25 19:01:29,0.003255049,3.82,3.842,0.0020000000000000018,,,,,,0.0020344056249999997,3.8387449510000002
2026-08-25 19:01:29,0.003255049,3.82,3.842,0.0020000000000000018,,,,,,0.0020344056249999997,3.8387449510000002
2026-08-25 19:01:29,0.003255049,3.82,3.842,0.0020000000000000018,,,,,,0.0020344056249999997,3.8387449510000002
2026-08-25 19:01:29,0.003255213,3.82,3.842,0.0020000000000000018,,,,,,0.002034508125,3.838744787
2026-08-25 19:01:29,0.003255213,3.82,3.842,0.0020000000000000018,,,,,,0.002034508125,3.838744787
2026-08-25 19:01:30,0.003255213,3.82,3.842,0.0020000000000000018,,,,,,0.002034508125,3.838744787
2026-08-25 19:01:30,0.003255213,3.82,3.842,0.0020000000000000018,,,,,,0.002034508125,3.838744787
2026-08-25 19:01:30,0.003255213,3.82,3.842,0.0020000000000000018,,,,,,0.002034508125,3.838744787
2026-08-25 19:01:30,0.003251173,3.82,3.842,0.0020000000000000018,,,,,,0.0020319831249999997,3.838748827
2026-08-25 19:01:30,0.003251173,3.82,3.842,0.0020000000000000018,,,,,,0.0020319831249999997,3.838748827
2026-08-25 19:01:31,0.003251173,3.82,3.842,0.0020000000000000018,,,,,,0.0020319831249999997,3.838748827
2026-08-25 19:01:31,0.003251173,3.82,3.842,0.0020000000000000018,,,,,,0.0020319831249999997,3.838748827
2026-08-25 19:01:31,0.003251173,3.82,3.842,0.0020000000000000018,,,,,,0.0020319831249999997,3.838748827
2026-08-25 19:01:31,0.003250814,3.82,3.842,0.0020000000000000018,,,,,,0.00203175875,3.8387491860000003
2026-08-25 19:01:31,0.003250814,3.82,3.842,0.0020000000000000018,,,,,,0.00203175875,3.8387491860000003
2026-08-25 19:01:32,0.003250814,3.82,3.842,0.0020000000000000018,,,,,,0.00203175875,3.8387491860000003
2026-08-25 19:01:32,0.003250814,3.82,3.842,0.0020000000000000018,,,,,,0.00203175875,3.8387491860000003
2026-08-25 19:01:32,0.003250814,3.82,3.842,0.0020000000000000018,,,,,,0.00203175875,3.8387491860000003
2026-08-25 19:01:32,0.003255601,3.82,3.842,0.0020000000000000018,,,,,,0.0020347506249999998,3.838744399
2026-08-25 19:01:32,0.003255601,3.82,3.842,0.0020000000000000018,,,,,,0.0020347506249999998,3.838744399
2026-08-25 19:01:33,0.003255601,3.82,3.842,0.0020000000000000018,,,,,,0.0020347506249999998,3.838744399
2026-08-25 19:01:33,0.003255601,3.82,3.842,0.0020000000000000018,,,,,,0.0020347506249999998,3.838744399
2026-08-25 19:01:33,0.003255601,3.82,3.842,0.0020000000000000018,,,,,,0.0020347506249999998,3.838744399
2026-08-25 19:01:33,0.00325273,3.82,3.842,0.0020000000000000018,,,,,,0.00203295625,3.8387472700000003
2026-08-25 19:01:33,0.00325273,3.82,3.842,0.0020000000000000018,,,,,,0.00203295625,3.8387472700000003
2026-08-25 19:01:34,0.00325273,3.82,3.842,0.0020000000000000018,,,,,,0.00203295625,3.8387472700000003
2026-08-25 19:01:34,0.00325273,3.82,3.842,0.0020000000000000018,,,,,,0.00203295625,3.8387472700000003
2026-08-25 19:01:34,0.00325273,3.82,3.842,0.0020000000000000018,,,,,,0.00203295625,3.8387472700000003
2026-08-25 19:01:34,0.003249748,3.82,3.842,0.0020000000000000018,,,,,,0.0020310924999999997,3.838750252
2026-08-25 19:01:34,0.003249748,3.82,3.842,0.0020000000000000018,,,,,,0.0020310924999999997,3.838750252
2026-08-25 19:01:35,0.003249748,3.82,3.842,0.0020000000000000018,,,,,,0.0020310924999999997,3.838750252
2026-08-25 19:01:35,0.003249748,3.82,3.842,0.0020000000000000018,,,,,,0.0020310924999999997,3.838750252
2026-08-25 19:01:35,0.003249748,3.82,3.842,0.0020000000000000018,,,,,,0.0020310924999999997,3.838750252
2026-08-25 19:01:35,0.003250155,3.82,3.842,0.0020000000000000018,,,,,,0.002031346875,3.838749845
2026-08-25 19:01:35,0.003250155,3.82,3.842,0.0020000000000000018,,,,,,0.002031346875,3.838749845
2026-08-25 19:01:36,0.003250155,3.82,3.842,0.0020000000000000018,,,,,,0.002031346875,3.838749845
2026-08-25 19:01:36,0.003250155,3.82,3.842,0.0020000000000000018,,,,,,0.002031346875,3.838749845
2026-08-25 19:01:36,0.003250155,3.82,3.842,0.0020000000000000018,,,,,,0.002031346875,3.838749845
2026-08-25 19:01:36,0.003254446,3.82,3.842,0.0020000000000000018,,,,,,0.00203402875,3.838745554
2026-08-25 19:01:36,0.003254446,3.82,3.842,0.0020000000000000018,,,,,,0.00203402875,3.838745554
2026-08-25 19:01:37,0.003254446,3.82,3.842,0.0020000000000000018,,,,,,0.00203402875,3.838745554
2026-08-25 19:01:37,0.003254446,3.82,3.842,0.0020000000000000018,,,,,,0.00203402875,3.838745554
2026-08-25 19:01:37,0.003254446,3.82,3.842,0.0020000000000000018,,,,,,0.00203402875,3.838745554
2026-08-25 19:01:37,0.003255001,3.82,3.842,0.0020000000000000018,,,,,,0.002034375625,3.838744999
2026-08-25 19:01:37,0.003255001,3.82,3.842,0.0020000000000000018,,,,,,0.002034375625,3.838744999
2026-08-25 19:01:38,0.003255001,3.82,3.842,0.0020000000000000018,,,,,,0.002034375625,3.838744999
2026-08-25 19:01:38,0.003255001,3.82,3.842,0.0020000000000000018,,,,,,0.002034375625,3.838744999
2026-08-25 19:01:38,0.003255001,3.82,3.842,0.0020000000000000018,,,,,,0.002034375625,3.838744999
2026-08-25 19:01:38,0.003251067,3.82,3.842,0.0020000000000000018,,,,,,0.002031916875,3.838748933
2026-08-25 19:01:38,0.003251067,3.82,3.842,0.0020000000000000018,,,,,,0.002031916875,3.838748933
2026-08-25 19:01:39,0.003251067,3.82,3.842,0.0020000000000000018,,,,,,0.002031916875,3.838748933
2026-08-25 19:01:39,0.003251067,3.82,3.842,0.0020000000000000018,,,,,,0.002031916875,3.838748933
2026-08-25 19:01:39,0.003251067,3.82,3.842,0.0020000000000000018,,,,,,0.002031916875,3.838748933
2026-08-25 19:01:39,0.003254573,3.82,3.842,0.0020000000000000018,,,,,,0.002034108125,3.838745427
2026-08-25 19:01:39,0.003254573,3.82,3.842,0.0020000000000000018,,,,,,0.002034108125,3.838745427
2026-08-25 19:01:40,0.003254573,3.82,3.842,0.0020000000000000018,,,,,,0.002034108125,3.838745427
2026-08-25 19:01:40,0.003254573,3.82,3.842,0.0020000000000000018,,,,,,0.002034108125,3.838745427
2026-08-25 19:01:40,0.003254573,3.82,3.842,0.0020000000000000018,,,,,,0.002034108125,3.838745427
2026-08-25 19:01:40,0.003255258,3.82,3.842,0.0020000000000000018,,,,,,0.00203453625,3.8387447420000003
2026-08-25 19:01:40,0.003255258,3.82,3.842,0.0020000000000000018,,,,,,0.00203453625,3.8387447420000003
2026-08-25 19:01:41,0.003255258,3.82,3.842,0.0020000000000000018,,,,,,0.00203453625,3.8387447420000003
2026-08-25 19:01:41,0.003255258,3.82,3.842,0.0020000000000000018,,,,,,0.00203453625,3.8387447420000003
2026-08-25 19:01:41,0.003255258,3.82,3.842,0.0020000000000000018,,,,,,0.00203453625,3.8387447420000003
2026-08-25 19:01:41,0.003253309,3.82,3.842,0.0020000000000000018,,,,,,0.0020333181249999996,3.838746691
2026-08-25 19:01:41,0.003253309,3.82,3.842,0.0020000000000000018,,,,,,0.0020333181249999996,3.838746691
2026-08-25 19:01:42,0.003253309,3.82,3.842,0.0020000000000000018,,,,,,0.0020333181249999996,3.838746691
2026-08-25 19:01:42,0.003253309,3.82,3.842,0.0020000000000000018,,,,,,0.0020333181249999996,3.838746691
2026-08-25 19:01:42,0.003253309,3.82,3.842,0.0020000000000000018,,,,,,0.0020333181249999996,3.838746691
2026-08-25 19:01:42,0.00325048,3.82,3.842,0.0020000000000000018,,,,,,0.00203155,3.83874952
2026-08-25 19:01:42,0.00325048,3.82,3.842,0.0020000000000000018,,,,,,0.00203155,3.83874952
2026-08-25 19:01:43,0.00325048,3.82,3.842,0.0020000000000000018,,,,,,0.00203155,3.83874952
2026-08-25 19:01:43,0.00325048,3.82,3.842,0.0020000000000000018,,,,,,0.00203155,3.83874952
2026-08-25 19:01:43,0.00325048,3.82,3.842,0.0020000000000000018,,,,,,0.00203155,3.83874952
2026-08-25 19:01:43,0.003254276,3.82,3.842,0.0020000000000000018,,,,,,0.0020339225,3.8387457240000002
2026-08-25 19:01:43,0.003254276,3.82,3.842,0.0020000000000000018,,,,,,0.0020339225,3.8387457240000002
2026-08-25 19:01:44,0.003254276,3.82,3.842,0.0020000000000000018,,,,,,0.0020339225,3.8387457240000002
2026-08-25 19:01:44,0.003254276,3.82,3.842,0.0020000000000000018,,,,,,0.0020339225,3.8387457240000002
2026-08-25 19:01:44,0.003254276,3.82,3.842,0.0020000000000000018,,,,,,0.0020339225,3.8387457240000002
2026-08-25 19:01:44,0.00325592,3.82,3.842,0.0020000000000000018,,,,,,0.0020349499999999998,3.83874408
2026-08-25 19:01:44,0.00325592,3.82,3.842,0.0020000000000000018,,,,,,0.0020349499999999998,3.83874408
2026-08-25 19:01:45,0.00325592,3.82,3.842,0.0020000000000000018,,,,,,0.0020349499999999998,3.83874408
2026-08-25 19:01:45,0.00325592,3.82,3.842,0.0020000000000000018,,,,,,0.0020349499999999998,3.83874408
2026-08-25 19:01:45,0.00325592,3.82,3.842,0.0020000000000000018,,,,,,0.0020349499999999998,3.83874408
2026-08-25 19:01:45,0.003252921,3.82,3.842,0.0020000000000000018,,,,,,0.002033075625,3.838747079
2026-08-25 19:01:45,0.003252921,3.82,3.842,0.0020000000000000018,,,,,,0.002033075625,3.838747079
2026-08-25 19:01:46,0.003252921,3.82,3.842,0.0020000000000000018,,,,,,0.002033075625,3.838747079
2026-08-25 19:01:46,0.003252921,3.82,3.842,0.0020000000000000018,,,,,,0.002033075625,3.838747079
2026-08-25 19:01:46,0.003252921,3.82,3.842,0.0020000000000000018,,,,,,0.002033075625,3.838747079
2026-08-25 19:01:46,0.00325078,3.82,3.842,0.0020000000000000018,,,,,,0.0020317374999999998,3.83874922
2026-08-25 19:01:46,0.00325078,3.82,3.842,0.0020000000000000018,,,,,,0.0020317374999999998,3.83874922
2026-08-25 19:01:47,0.00325078,3.82,3.842,0.0020000000000000018,,,,,,0.0020317374999999998,3.83874922
2026-08-25 19:01:47,0.00325078,3.82,3.842,0.0020000000000000018,,,,,,0.0020317374999999998,3.83874922
2026-08-25 19:01:47,0.00325078,3.82,3.842,0.0020000000000000018,,,,,,0.0020317374999999998,3.83874922
2026-08-25 19:01:47,0.003256784,3.82,3.842,0.0020000000000000018,,,,,,0.00203549,3.838743216
2026-08-25 19:01:47,0.003256784,3.82,3.842,0.0020000000000000018,,,,,,0.00203549,3.838743216
2026-08-25 19:01:48,0.003256784,3.82,3.842,0.0020000000000000018,,,,,,0.00203549,3.838743216
2026-08-25 19:01:48,0.003256784,3.82,3.842,0.0020000000000000018,,,,,,0.00203549,3.838743216
2026-08-25 19:01:48,0.003256784,3.82,3.842,0.0020000000000000018,,,,,,0.00203549,3.838743216
2026-08-25 19:01:48,0.003256044,3.82,3.842,0.0020000000000000018,,,,,,0.0020350274999999998,3.838743956
2026-08-25 19:01:48,0.003256044,3.82,3.842,0.0020000000000000018,,,,,,0.0020350274999999998,3.838743956
2026-08-25 19:01:49,0.003256044,3.82,3.842,0.0020000000000000018,,,,,,0.0020350274999999998,3.838743956
2026-08-25 19:01:49,0.003256044,3.82,3.842,0.0020000000000000018,,,,,,0.0020350274999999998,3.838743956
2026-08-25 19:01:49,0.003256044,3.82,3.842,0.0020000000000000018,,,,,,0.0020350274999999998,3.838743956
2026-08-25 19:01:49,0.003250655,3.82,3.842,0.0020000000000000018,,,,,,0.0020316593749999997,3.838749345
2026-08-25 19:01:49,0.003250655,3.82,3.842,0.0020000000000000018,,,,,,0.0020316593749999997,3.838749345
2026-08-25 19:01:50,0.003250655,3.82,3.842,0.0020000000000000018,,,,,,0.0020316593749999997,3.838749345
2026-08-25 19:01:50,0.003250655,3.82,3.842,0.0020000000000000018,,,,,,0.0020316593749999997,3.838749345
2026-08-25 19:01:50,0.003250655,3.82,3.842,0.0020000000000000018,,,,,,0.0020316593749999997,3.838749345
2026-08-25 19:01:50,0.003250872,3.82,3.842,0.0020000000000000018,,,,,,0.002031795,3.838749128
2026-08-25 19:01:50,0.003250872,3.82,3.842,0.0020000000000000018,,,,,,0.002031795,3.838749128
2026-08-25 19:01:51,0.003250872,3.82,3.842,0.0020000000000000018,,,,,,0.002031795,3.838749128
2026-08-25 19:01:51,0.003250872,3.82,3.842,0.0020000000000000018,,,,,,0.002031795,3.838749128
2026-08-25 19:01:51,0.003250872,3.82,3.842,0.0020000000000000018,,,,,,0.002031795,3.838749128
2026-08-25 19:01:51,0.003255166,3.82,3.842,0.0020000000000000018,,,,,,0.0020344787499999998,3.838744834
2026-08-25 19:01:51,0.003255166,3.82,3.842,0.0020000000000000018,,,,,,0.0020344787499999998,3.838744834
2026-08-25 19:01:52,0.003255166,3.82,3.842,0.0020000000000000018,,,,,,0.0020344787499999998,3.838744834
2026-08-25 19:01:52,0.003255166,3.82,3.842,0.0020000000000000018,,,,,,0.0020344787499999998,3.838744834
2026-08-25 19:01:52,0.003255166,3.82,3.842,0.0020000000000000018,,,,,,0.0020344787499999998,3.838744834
2026-08-25 19:01:52,0.003280119,3.82,3.842,0.0020000000000000018,,,,,,0.002050074375,3.8387198810000003
2026-08-25 19:01:52,0.003280119,3.82,3.842,0.0020000000000000018,,,,,,0.002050074375,3.8387198810000003
2026-08-25 19:01:53,0.003280119,3.82,3.842,0.0020000000000000018,,,,,,0.002050074375,3.8387198810000003
2026-08-25 19:01:53,0.003280119,3.82,3.842,0.0020000000000000018,,,,,,0.002050074375,3.8387198810000003
2026-08-25 19:01:53,0.003280119,3.82,3.842,0.0020000000000000018,,,,,,0.002050074375,3.8387198810000003
2026-08-25 19:01:53,0.003314014,3.82,3.842,0.0020000000000000018,,,,,,0.00207125875,3.838685986
2026-08-25 19:01:53,0.003314014,3.82,3.842,0.0020000000000000018,,,,,,0.00207125875,3.838685986
2026-08-25 19:01:54,0.003314014,3.82,3.842,0.0020000000000000018,,,,,,0.00207125875,3.838685986
2026-08-25 19:01:54,0.003314014,3.82,3.842,0.0020000000000000018,,,,,,0.00207125875,3.838685986
2026-08-25 19:01:54,0.003314014,3.82,3.842,0.0020000000000000018,,,,,,0.00207125875,3.838685986
2026-08-25 19:01:54,0.003308032,3.82,3.842,0.0020000000000000018,,,,,,0.0020675199999999998,3.838691968
2026-08-25 19:01:54,0.003308032,3.82,3.842,0.0020000000000000018,,,,,,0.0020675199999999998,3.838691968
2026-08-25 19:01:55,0.003308032,3.82,3.842,0.0020000000000000018,,,,,,0.0020675199999999998,3.838691968
2026-08-25 19:01:55,0.003308032,3.82,3.842,0.0020000000000000018,,,,,,0.0020675199999999998,3.838691968
2026-08-25 19:01:55,0.003308032,3.82,3.842,0.0020000000000000018,,,,,,0.0020675199999999998,3.838691968
2026-08-25 19:01:55,0.003316813,3.82,3.842,0.0020000000000000018,,,,,,0.002073008125,3.838683187
2026-08-25 19:01:55,0.003316813,3.82,3.842,0.0020000000000000018,,,,,,0.002073008125,3.838683187
2026-08-25 19:01:56,0.003316813,3.82,3.842,0.0020000000000000018,,,,,,0.002073008125,3.838683187
2026-08-25 19:01:56,0.003316813,3.82,3.842,0.0020000000000000018,,,,,,0.002073008125,3.838683187
2026-08-25 19:01:56,0.003316813,3.82,3.842,0.0020000000000000018,,,,,,0.002073008125,3.838683187
2026-08-25 19:01:56,0.00331139,3.82,3.842,0.0020000000000000018,,,,,,0.0020696187499999997,3.83868861
2026-08-25 19:01:56,0.00331139,3.82,3.842,0.0020000000000000018,,,,,,0.0020696187499999997,3.83868861
2026-08-25 19:01:57,0.00331139,3.82,3.842,0.0020000000000000018,,,,,,0.0020696187499999997,3.83868861
2026-08-25 19:01:57,0.00331139,3.82,3.842,0.0020000000000000018,,,,,,0.0020696187499999997,3.83868861
2026-08-25 19:01:57,0.00331139,3.82,3.842,0.0020000000000000018,,,,,,0.0020696187499999997,3.83868861
2026-08-25 19:01:57,0.00329744,3.82,3.842,0.0020000000000000018,,,,,,0.0020609,3.83870256
2026-08-25 19:01:57,0.00329744,3.82,3.842,0.0020000000000000018,,,,,,0.0020609,3.83870256
2026-08-25 19:01:58,0.00329744,3.82,3.842,0.0020000000000000018,,,,,,0.0020609,3.83870256
2026-08-25 19:01:58,0.00329744,3.82,3.842,0.0020000000000000018,,,,,,0.0020609,3.83870256
2026-08-25 19:01:58,0.00329744,3.82,3.842,0.0020000000000000018,,,,,,0.0020609,3.83870256
2026-08-25 19:01:58,0.00331418,3.82,3.842,0.0020000000000000018,,,,,,0.0020713625,3.8386858200000002
2026-08-25 19:01:58,0.00331418,3.82,3.842,0.0020000000000000018,,,,,,0.0020713625,3.8386858200000002
2026-08-25 19:01:59,0.00331418,3.82,3.842,0.0020000000000000018,,,,,,0.0020713625,3.8386858200000002
2026-08-25 19:01:59,0.00331418,3.82,3.842,0.0020000000000000018,,,,,,0.0020713625,3.8386858200000002
2026-08-25 19:01:59,0.00331418,3.82,3.842,0.0020000000000000018,,,,,,0.0020713625,3.8386858200000002
2026-08-25 19:01:59,0.003317281,3.82,3.842,0.0020000000000000018,,,,,,0.002073300625,3.838682719
2026-08-25 19:01:59,0.003317281,3.82,3.842,0.0020000000000000018,,,,,,0.002073300625,3.838682719
2026-08-25 19:02:00,0.003317281,3.82,3.842,0.0020000000000000018,,,,,,0.002073300625,3.838682719
2026-08-25 19:02:00,0.003317281,3.82,3.842,0.0020000000000000018,,,,,,0.002073300625,3.838682719
2026-08-25 19:02:00,0.003317281,3.82,3.842,0.0020000000000000018,,,,,,0.002073300625,3.838682719
2026-08-25 19:02:00,0.003310661,3.82,3.842,0.0020000000000000018,,,,,,0.0020691631249999997,3.838689339
2026-08-25 19:02:00,0.003310661,3.82,3.842,0.0020000000000000018,,,,,,0.0020691631249999997,3.838689339
2026-08-25 19:02:01,0.003310661,3.82,3.842,0.0020000000000000018,,,,,,0.0020691631249999997,3.838689339
2026-08-25 19:02:01,0.003310661,3.82,3.842,0.0020000000000000018,,,,,,0.0020691631249999997,3.838689339
2026-08-25 19:02:01,0.003310661,3.82,3.842,0.0020000000000000018,,,,,,0.0020691631249999997,3.838689339
2026-08-25 19:02:01,0.003309459,3.82,3.842,0.0020000000000000018,,,,,,0.0020684118749999996,3.838690541
2026-08-25 19:02:01,0.003309459,3.82,3.842,0.0020000000000000018,,,,,,0.0020684118749999996,3.838690541
2026-08-25 19:02:02,0.003309459,3.82,3.842,0.0020000000000000018,,,,,,0.0020684118749999996,3.838690541
2026-08-25 19:02:02,0.003309459,3.82,3.842,0.0020000000000000018,,,,,,0.0020684118749999996,3.838690541
2026-08-25 19:02:02,0.003309459,3.82,3.842,0.0020000000000000018,,,,,,0.0020684118749999996,3.838690541
2026-08-25 19:02:02,0.003312189,3.82,3.842,0.0020000000000000018,,,,,,0.002070118125,3.8386878110000002
2026-08-25 19:02:02,0.003312189,3.82,3.842,0.0020000000000000018,,,,,,0.002070118125,3.8386878110000002
2026-08-25 19:02:03,0.003312189,3.82,3.842,0.0020000000000000018,,,,,,0.002070118125,3.8386878110000002
2026-08-25 19:02:03,0.003312189,3.82,3.842,0.0020000000000000018,,,,,,0.002070118125,3.8386878110000002
2026-08-25 19:02:03,0.003318044,3.82,3.842,0.0020000000000000018,,,,,,0.0020737775,3.8386819560000003
2026-08-25 19:02:03,0.003318044,3.82,3.842,0.0020000000000000018,,,,,,0.0020737775,3.8386819560000003
2026-08-25 19:02:03,0.003318044,3.82,3.842,0.0020000000000000018,,,,,,0.0020737775,3.8386819560000003
2026-08-25 19:02:04,0.003318044,3.82,3.842,0.0020000000000000018,,,,,,0.0020737775,3.8386819560000003
2026-08-25 19:02:04,0.003318044,3.82,3.842,0.0020000000000000018,,,,,,0.0020737775,3.8386819560000003
2026-08-25 19:02:04,0.003318044,3.82,3.842,0.0020000000000000018,,,,,,0.0020737775,3.8386819560000003
2026-08-25 19:02:04,0.003308277,3.82,3.842,0.0020000000000000018,,,,,,0.002067673125,3.838691723
2026-08-25 19:02:04,0.003308277,3.82,3.842,0.0020000000000000018,,,,,,0.002067673125,3.838691723
2026-08-25 19:02:05,0.003308277,3.82,3.842,0.0020000000000000018,,,,,,0.002067673125,3.838691723
2026-08-25 19:02:05,0.003308277,3.82,3.842,0.0020000000000000018,,,,,,0.002067673125,3.838691723
2026-08-25 19:02:05,0.003308277,3.82,3.842,0.0020000000000000018,,,,,,0.002067673125,3.838691723
2026-08-25 19:02:05,0.003304799,3.82,3.842,0.0020000000000000018,,,,,,0.002065499375,3.838695201
2026-08-25 19:02:05,0.003304799,3.82,3.842,0.0020000000000000018,,,,,,0.002065499375,3.838695201
2026-08-25 19:02:06,0.003304799,3.82,3.842,0.0020000000000000018,,,,,,0.002065499375,3.838695201
2026-08-25 19:02:06,0.003304799,3.82,3.842,0.0020000000000000018,,,,,,0.002065499375,3.838695201
2026-08-25 19:02:06,0.003317776,3.82,3.842,0.0020000000000000018,,,,,,0.00207361,3.8386822240000003
2026-08-25 19:02:06,0.003317776,3.82,3.842,0.0020000000000000018,,,,,,0.00207361,3.8386822240000003
2026-08-25 19:02:06,0.003317776,3.82,3.842,0.0020000000000000018,,,,,,0.00207361,3.8386822240000003
2026-08-25 19:02:07,0.003317776,3.82,3.842,0.0020000000000000018,,,,,,0.00207361,3.8386822240000003
2026-08-25 19:02:07,0.003317776,3.82,3.842,0.0020000000000000018,,,,,,0.00207361,3.8386822240000003
2026-08-25 19:02:07,0.003317776,3.82,3.842,0.0020000000000000018,,,,,,0.00207361,3.8386822240000003
2026-08-25 19:02:07,0.003316504,3.82,3.842,0.0020000000000000018,,,,,,0.002072815,3.8386834960000003
2026-08-25 19:02:07,0.003316504,3.82,3.842,0.0020000000000000018,,,,,,0.002072815,3.8386834960000003
2026-08-25 19:02:08,0.003316504,3.82,3.842,0.0020000000000000018,,,,,,0.002072815,3.8386834960000003
2026-08-25 19:02:08,0.003316504,3.82,3.842,0.0020000000000000018,,,,,,0.002072815,3.8386834960000003
2026-08-25 19:02:08,0.003316504,3.82,3.842,0.0020000000000000018,,,,,,0.002072815,3.8386834960000003
2026-08-25 19:02:08,0.003309515,3.82,3.842,0.0020000000000000018,,,,,,0.002068446875,3.838690485
2026-08-25 19:02:08,0.003309515,3.82,3.842,0.0020000000000000018,,,,,,0.002068446875,3.838690485
2026-08-25 19:02:09,0.003309515,3.82,3.842,0.0020000000000000018,,,,,,0.002068446875,3.838690485
2026-08-25 19:02:09,0.003309515,3.82,3.842,0.0020000000000000018,,,,,,0.002068446875,3.838690485
2026-08-25 19:02:09,0.003316233,3.82,3.842,0.0020000000000000018,,,,,,0.002072645625,3.838683767
2026-08-25 19:02:09,0.003316233,3.82,3.842,0.0020000000000000018,,,,,,0.002072645625,3.838683767
2026-08-25 19:02:09,0.003316233,3.82,3.842,0.0020000000000000018,,,,,,0.002072645625,3.838683767
2026-08-25 19:02:10,0.003316233,3.82,3.842,0.0020000000000000018,,,,,,0.002072645625,3.838683767
2026-08-25 19:02:10,0.003316233,3.82,3.842,0.0020000000000000018,,,,,,0.002072645625,3.838683767
2026-08-25 19:02:10,0.003316233,3.82,3.842,0.0020000000000000018,,,,,,0.002072645625,3.838683767
2026-08-25 19:02:10,0.003318099,3.82,3.842,0.0020000000000000018,,,,,,0.002073811875,3.838681901
2026-08-25 19:02:10,0.003318099,3.82,3.842,0.0020000000000000018,,,,,,0.002073811875,3.838681901
2026-08-25 19:02:11,0.003318099,3.82,3.842,0.0020000000000000018,,,,,,0.002073811875,3.838681901
2026-08-25 19:02:11,0.003318099,3.82,3.842,0.0020000000000000018,,,,,,0.002073811875,3.838681901
2026-08-25 19:02:11,0.003318099,3.82,3.842,0.0020000000000000018,,,,,,0.002073811875,3.838681901
2026-08-25 19:02:11,0.003305698,3.82,3.842,0.0020000000000000018,,,,,,0.00206606125,3.838694302
2026-08-25 19:02:11,0.003305698,3.82,3.842,0.0020000000000000018,,,,,,0.00206606125,3.838694302
2026-08-25 19:02:12,0.003305698,3.82,3.842,0.0020000000000000018,,,,,,0.00206606125,3.838694302
2026-08-25 19:02:12,0.003305698,3.82,3.842,0.0020000000000000018,,,,,,0.00206606125,3.838694302
2026-08-25 19:02:12,0.003315262,3.82,3.842,0.0020000000000000018,,,,,,0.0020720387499999996,3.838684738
2026-08-25 19:02:12,0.003315262,3.82,3.842,0.0020000000000000018,,,,,,0.0020720387499999996,3.838684738
2026-08-25 19:02:12,0.003315262,3.82,3.842,0.0020000000000000018,,,,,,0.0020720387499999996,3.838684738
2026-08-25 19:02:13,0.003315262,3.82,3.842,0.0020000000000000018,,,,,,0.0020720387499999996,3.838684738
2026-08-25 19:02:13,0.003315262,3.82,3.842,0.0020000000000000018,,,,,,0.0020720387499999996,3.838684738
2026-08-25 19:02:13,0.003315262,3.82,3.842,0.0020000000000000018,,,,,,0.0020720387499999996,3.838684738
2026-08-25 19:02:13,0.003316696,3.82,3.842,0.0020000000000000018,,,,,,0.0020729349999999997,3.838683304
2026-08-25 19:02:13,0.003316696,3.82,3.842,0.0020000000000000018,,,,,,0.0020729349999999997,3.838683304
2026-08-25 19:02:14,0.003316696,3.82,3.842,0.0020000000000000018,,,,,,0.0020729349999999997,3.838683304
2026-08-25 19:02:14,0.003316696,3.82,3.842,0.0020000000000000018,,,,,,0.0020729349999999997,3.838683304
2026-08-25 19:02:14,0.003316696,3.82,3.842,0.0020000000000000018,,,,,,0.0020729349999999997,3.838683304
2026-08-25 19:02:14,0.00331746,3.82,3.842,0.0020000000000000018,,,,,,0.0020734125,3.83868254
2026-08-25 19:02:14,0.00331746,3.82,3.842,0.0020000000000000018,,,,,,0.0020734125,3.83868254
2026-08-25 19:02:15,0.00331746,3.82,3.842,0.0020000000000000018,,,,,,0.0020734125,3.83868254
2026-08-25 19:02:15,0.00331746,3.82,3.842,0.0020000000000000018,,,,,,0.0020734125,3.83868254
2026-08-25 19:02:15,0.003309495,3.82,3.842,0.0020000000000000018,,,,,,0.002068434375,3.838690505
2026-08-25 19:02:15,0.003309495,3.82,3.842,0.0020000000000000018,,,,,,0.002068434375,3.838690505
2026-08-25 19:02:15,0.003309495,3.82,3.842,0.0020000000000000018,,,,,,0.002068434375,3.838690505
2026-08-25 19:02:16,0.003309495,3.82,3.842,0.0020000000000000018,,,,,,0.002068434375,3.838690505
2026-08-25 19:02:16,0.003309495,3.82,3.842,0.0020000000000000018,,,,,,0.002068434375,3.838690505
2026-08-25 19:02:16,0.003309495,3.82,3.842,0.0020000000000000018,,,,,,0.002068434375,3.838690505
2026-08-25 19:02:16,0.003312473,3.82,3.842,0.0020000000000000018,,,,,,0.002070295625,3.8386875270000003
2026-08-25 19:02:16,0.003312473,3.82,3.842,0.0020000000000000018,,,,,,0.002070295625,3.8386875270000003
2026-08-25 19:02:17,0.003312473,3.82,3.842,0.0020000000000000018,,,,,,0.002070295625,3.8386875270000003
2026-08-25 19:02:17,0.003312473,3.82,3.842,0.0020000000000000018,,,,,,0.002070295625,3.8386875270000003
2026-08-25 19:02:17,0.003312473,3.82,3.842,0.0020000000000000018,,,,,,0.002070295625,3.8386875270000003
2026-08-25 19:02:17,0.003316828,3.82,3.842,0.0020000000000000018,,,,,,0.0020730174999999997,3.838683172
2026-08-25 19:02:17,0.003316828,3.82,3.842,0.0020000000000000018,,,,,,0.0020730174999999997,3.838683172
2026-08-25 19:02:18,0.003316828,3.82,3.842,0.0020000000000000018,,,,,,0.0020730174999999997,3.838683172
2026-08-25 19:02:18,0.003316828,3.82,3.842,0.0020000000000000018,,,,,,0.0020730174999999997,3.838683172
2026-08-25 19:02:18,0.00331582,3.82,3.842,0.0020000000000000018,,,,,,0.0020723875,3.83868418
2026-08-25 19:02:18,0.00331582,3.82,3.842,0.0020000000000000018,,,,,,0.0020723875,3.83868418
2026-08-25 19:02:18,0.00331582,3.82,3.842,0.0020000000000000018,,,,,,0.0020723875,3.83868418
2026-08-25 19:02:19,0.00331582,3.82,3.842,0.0020000000000000018,,,,,,0.0020723875,3.83868418
2026-08-25 19:02:19,0.00331582,3.82,3.842,0.0020000000000000018,,,,,,0.0020723875,3.83868418
2026-08-25 19:02:19,0.00331582,3.82,3.842,0.0020000000000000018,,,,,,0.0020723875,3.83868418
2026-08-25 19:02:19,0.003311837,3.82,3.842,0.0020000000000000018,,,,,,0.002069898125,3.838688163
2026-08-25 19:02:19,0.003311837,3.82,3.842,0.0020000000000000018,,,,,,0.002069898125,3.838688163
2026-08-25 19:02:20,0.003311837,3.82,3.842,0.0020000000000000018,,,,,,0.002069898125,3.838688163
2026-08-25 19:02:20,0.003311837,3.82,3.842,0.0020000000000000018,,,,,,0.002069898125,3.838688163
2026-08-25 19:02:20,0.003311837,3.82,3.842,0.0020000000000000018,,,,,,0.002069898125,3.838688163
2026-08-25 19:02:20,0.003311105,3.82,3.842,0.0020000000000000018,,,,,,0.0020694406249999998,3.838688895
2026-08-25 19:02:20,0.003311105,3.82,3.842,0.0020000000000000018,,,,,,0.0020694406249999998,3.838688895
2026-08-25 19:02:21,0.003311105,3.82,3.842,0.0020000000000000018,,,,,,0.0020694406249999998,3.838688895
2026-08-25 19:02:21,0.003311105,3.82,3.842,0.0020000000000000018,,,,,,0.0020694406249999998,3.838688895
2026-08-25 19:02:21,0.003315938,3.82,3.842,0.0020000000000000018,,,,,,0.0020724612499999997,3.838684062
2026-08-25 19:02:21,0.003315938,3.82,3.842,0.0020000000000000018,,,,,,0.0020724612499999997,3.838684062
2026-08-25 19:02:21,0.003315938,3.82,3.842,0.0020000000000000018,,,,,,0.0020724612499999997,3.838684062
2026-08-25 19:02:22,0.003315938,3.82,3.842,0.0020000000000000018,,,,,,0.0020724612499999997,3.838684062
2026-08-25 19:02:22,0.003315938,3.82,3.842,0.0020000000000000018,,,,,,0.0020724612499999997,3.838684062
2026-08-25 19:02:22,0.003317819,3.82,3.842,0.0020000000000000018,,,,,,0.0020736368749999998,3.8386821810000002
2026-08-25 19:02:22,0.003317819,3.82,3.842,0.0020000000000000018,,,,,,0.0020736368749999998,3.8386821810000002
2026-08-25 19:02:22,0.003317819,3.82,3.842,0.0020000000000000018,,,,,,0.0020736368749999998,3.8386821810000002
2026-08-25 19:02:23,0.003317819,3.82,3.842,0.0020000000000000018,,,,,,0.0020736368749999998,3.8386821810000002
2026-08-25 19:02:23,0.003317819,3.82,3.842,0.0020000000000000018,,,,,,0.0020736368749999998,3.8386821810000002
2026-08-25 19:02:23,0.003317819,3.82,3.842,0.0020000000000000018,,,,,,0.0020736368749999998,3.8386821810000002
2026-08-25 19:02:23,0.00330238,3.82,3.842,0.0020000000000000018,,,,,,0.0020639875,3.83869762
2026-08-25 19:02:23,0.00330238,3.82,3.842,0.0020000000000000018,,,,,,0.0020639875,3.83869762
2026-08-25 19:02:24,0.00330238,3.82,3.842,0.0020000000000000018,,,,,,0.0020639875,3.83869762
2026-08-25 19:02:24,0.00330238,3.82,3.842,0.0020000000000000018,,,,,,0.0020639875,3.83869762
2026-08-25 19:02:24,0.003313459,3.82,3.842,0.0020000000000000018,,,,,,0.002070911875,3.838686541
2026-08-25 19:02:24,0.003313459,3.82,3.842,0.0020000000000000018,,,,,,0.002070911875,3.838686541
2026-08-25 19:02:24,0.003313459,3.82,3.842,0.0020000000000000018,,,,,,0.002070911875,3.838686541
2026-08-25 19:02:25,0.003313459,3.82,3.842,0.0020000000000000018,,,,,,0.002070911875,3.838686541
2026-08-25 19:02:25,0.003313459,3.82,3.842,0.0020000000000000018,,,,,,0.002070911875,3.838686541
2026-08-25 19:02:25,0.00331138,3.82,3.842,0.0020000000000000018,,,,,,0.0020696125,3.83868862
2026-08-25 19:02:25,0.00331138,3.82,3.842,0.0020000000000000018,,,,,,0.0020696125,3.83868862
2026-08-25 19:02:25,0.00331138,3.82,3.842,0.0020000000000000018,,,,,,0.0020696125,3.83868862
2026-08-25 19:02:26,0.00331138,3.82,3.842,0.0020000000000000018,,,,,,0.0020696125,3.83868862
2026-08-25 19:02:26,0.00331138,3.82,3.842,0.0020000000000000018,,,,,,0.0020696125,3.83868862
2026-08-25 19:02:26,0.00331138,3.82,3.842,0.0020000000000000018,,,,,,0.0020696125,3.83868862
2026-08-25 19:02:26,0.003308318,3.82,3.842,0.0020000000000000018,,,,,,0.00206769875,3.838691682
2026-08-25 19:02:26,0.003308318,3.82,3.842,0.0020000000000000018,,,,,,0.00206769875,3.838691682
2026-08-25 19:02:27,0.003308318,3.82,3.842,0.0020000000000000018,,,,,,0.00206769875,3.838691682
2026-08-25 19:02:27,0.003308318,3.82,3.842,0.0020000000000000018,,,,,,0.00206769875,3.838691682
2026-08-25 19:02:27,0.003311842,3.82,3.842,0.0020000000000000018,,,,,,0.00206990125,3.838688158
2026-08-25 19:02:27,0.003311842,3.82,3.842,0.0020000000000000018,,,,,,0.00206990125,3.838688158
2026-08-25 19:02:27,0.003311842,3.82,3.842,0.0020000000000000018,,,,,,0.00206990125,3.838688158
2026-08-25 19:02:28,0.003311842,3.82,3.842,0.0020000000000000018,,,,,,0.00206990125,3.838688158
2026-08-25 19:02:28,0.003311842,3.82,3.842,0.0020000000000000018,,,,,,0.00206990125,3.838688158
2026-08-25 19:02:28,0.00331356,3.82,3.842,0.0020000000000000018,,,,,,0.002070975,3.83868644
2026-08-25 19:02:28,0.00331356,3.82,3.842,0.0020000000000000018,,,,,,0.002070975,3.83868644
2026-08-25 19:02:28,0.00331356,3.82,3.842,0.0020000000000000018,,,,,,0.002070975,3.83868644
2026-08-25 19:02:29,0.00331356,3.82,3.842,0.0020000000000000018,,,,,,0.002070975,3.83868644
2026-08-25 19:02:29,0.00331356,3.82,3.842,0.0020000000000000018,,,,,,0.002070975,3.83868644
2026-08-25 19:02:29,0.00331356,3.82,3.842,0.0020000000000000018,,,,,,0.002070975,3.83868644
2026-08-25 19:02:29,0.003316456,3.82,3.842,0.0020000000000000018,,,,,,0.002072785,3.8386835440000002
2026-08-25 19:02:29,0.003316456,3.82,3.842,0.0020000000000000018,,,,,,0.002072785,3.8386835440000002
2026-08-25 19:02:30,0.003316456,3.82,3.842,0.0020000000000000018,,,,,,0.002072785,3.8386835440000002
2026-08-25 19:02:30,0.003316456,3.82,3.842,0.0020000000000000018,,,,,,0.002072785,3.8386835440000002
2026-08-25 19:02:30,0.003315509,3.82,3.842,0.0020000000000000018,,,,,,0.002072193125,3.838684491
2026-08-25 19:02:30,0.003315509,3.82,3.842,0.0020000000000000018,,,,,,0.002072193125,3.838684491
2026-08-25 19:02:30,0.003315509,3.82,3.842,0.0020000000000000018,,,,,,0.002072193125,3.838684491
2026-08-25 19:02:31,0.003315509,3.82,3.842,0.0020000000000000018,,,,,,0.002072193125,3.838684491
2026-08-25 19:02:31,0.003315509,3.82,3.842,0.0020000000000000018,,,,,,0.002072193125,3.838684491
2026-08-25 19:02:31,0.003308872,3.82,3.842,0.0020000000000000018,,,,,,0.0020680449999999997,3.8386911280000002
2026-08-25 19:02:31,0.003308872,3.82,3.842,0.0020000000000000018,,,,,,0.0020680449999999997,3.8386911280000002
2026-08-25 19:02:31,0.003308872,3.82,3.842,0.0020000000000000018,,,,,,0.0020680449999999997,3.8386911280000002
2026-08-25 19:02:32,0.003308872,3.82,3.842,0.0020000000000000018,,,,,,0.0020680449999999997,3.8386911280000002
2026-08-25 19:02:32,0.003308872,3.82,3.842,0.0020000000000000018,,,,,,0.0020680449999999997,3.8386911280000002
2026-08-25 19:02:32,0.003308872,3.82,3.842,0.0020000000000000018,,,,,,0.0020680449999999997,3.8386911280000002
2026-08-25 19:02:32,0.003292386,3.82,3.842,0.0020000000000000018,,,,,,0.00205774125,3.838707614
2026-08-25 19:02:32,0.003292386,3.82,3.842,0.0020000000000000018,,,,,,0.00205774125,3.838707614
2026-08-25 19:02:33,0.003292386,3.82,3.842,0.0020000000000000018,,,,,,0.00205774125,3.838707614
2026-08-25 19:02:33,0.003292386,3.82,3.842,0.0020000000000000018,,,,,,0.00205774125,3.838707614
2026-08-25 19:02:33,0.003259362,3.82,3.842,0.0020000000000000018,,,,,,0.00203710125,3.838740638
2026-08-25 19:02:33,0.003259362,3.82,3.842,0.0020000000000000018,,,,,,0.00203710125,3.838740638
2026-08-25 19:02:33,0.003259362,3.82,3.842,0.0020000000000000018,,,,,,0.00203710125,3.838740638
2026-08-25 19:02:34,0.003259362,3.82,3.842,0.0020000000000000018,,,,,,0.00203710125,3.838740638
2026-08-25 19:02:34,0.003259362,3.82,3.842,0.0020000000000000018,,,,,,0.00203710125,3.838740638
2026-08-25 19:02:34,0.003269098,3.82,3.842,0.0020000000000000018,,,,,,0.0020431862499999997,3.838730902
2026-08-25 19:02:34,0.003269098,3.82,3.842,0.0020000000000000018,,,,,,0.0020431862499999997,3.838730902
2026-08-25 19:02:34,0.003269098,3.82,3.842,0.0020000000000000018,,,,,,0.0020431862499999997,3.838730902
2026-08-25 19:02:35,0.003269098,3.82,3.842,0.0020000000000000018,,,,,,0.0020431862499999997,3.838730902
2026-08-25 19:02:35,0.003269098,3.82,3.842,0.0020000000000000018,,,,,,0.0020431862499999997,3.838730902
2026-08-25 19:02:35,0.003269098,3.82,3.842,0.0020000000000000018,,,,,,0.0020431862499999997,3.838730902
2026-08-25 19:02:35,0.003299126,3.82,3.842,0.0020000000000000018,,,,,,0.0020619537499999997,3.838700874
2026-08-25 19:02:35,0.003299126,3.82,3.842,0.0020000000000000018,,,,,,0.0020619537499999997,3.838700874
2026-08-25 19:02:36,0.003299126,3.82,3.842,0.0020000000000000018,,,,,,0.0020619537499999997,3.838700874
2026-08-25 19:02:36,0.003299126,3.82,3.842,0.0020000000000000018,,,,,,0.0020619537499999997,3.838700874
2026-08-25 19:02:36,0.003288942,3.82,3.842,0.0020000000000000018,,,,,,0.0020555887499999997,3.838711058
2026-08-25 19:02:36,0.003288942,3.82,3.842,0.0020000000000000018,,,,,,0.0020555887499999997,3.838711058
2026-08-25 19:02:36,0.003288942,3.82,3.842,0.0020000000000000018,,,,,,0.0020555887499999997,3.838711058
2026-08-25 19:02:37,0.003288942,3.82,3.842,0.0020000000000000018,,,,,,0.0020555887499999997,3.838711058
2026-08-25 19:02:37,0.003288942,3.82,3.842,0.0020000000000000018,,,,,,0.0020555887499999997,3.838711058
2026-08-25 19:02:37,0.003302281,3.82,3.842,0.0020000000000000018,,,,,,0.0020639256249999995,3.8386977190000002
2026-08-25 19:02:37,0.003302281,3.82,3.842,0.0020000000000000018,,,,,,0.0020639256249999995,3.8386977190000002
2026-08-25 19:02:37,0.003302281,3.82,3.842,0.0020000000000000018,,,,,,0.0020639256249999995,3.8386977190000002
2026-08-25 19:02:38,0.003302281,3.82,3.842,0.0020000000000000018,,,,,,0.0020639256249999995,3.8386977190000002
2026-08-25 19:02:38,0.003302281,3.82,3.842,0.0020000000000000018,,,,,,0.0020639256249999995,3.8386977190000002
2026-08-25 19:02:38,0.003302281,3.82,3.842,0.0020000000000000018,,,,,,0.0020639256249999995,3.8386977190000002
2026-08-25 19:02:38,0.003304134,3.82,3.842,0.0020000000000000018,,,,,,0.0020650837499999997,3.838695866
2026-08-25 19:02:38,0.003304134,3.82,3.842,0.0020000000000000018,,,,,,0.0020650837499999997,3.838695866
2026-08-25 19:02:39,0.003304134,3.82,3.842,0.0020000000000000018,,,,,,0.0020650837499999997,3.838695866
2026-08-25 19:02:39,0.003304134,3.82,3.842,0.0020000000000000018,,,,,,0.0020650837499999997,3.838695866
2026-08-25 19:02:39,0.00330413,3.82,3.842,0.0020000000000000018,,,,,,0.00206508125,3.83869587
2026-08-25 19:02:39,0.00330413,3.82,3.842,0.0020000000000000018,,,,,,0.00206508125,3.83869587
2026-08-25 19:02:39,0.00330413,3.82,3.842,0.0020000000000000018,,,,,,0.00206508125,3.83869587
2026-08-25 19:02:40,0.00330413,3.82,3.842,0.0020000000000000018,,,,,,0.00206508125,3.83869587
2026-08-25 19:02:40,0.00330413,3.82,3.842,0.0020000000000000018,,,,,,0.00206508125,3.83869587
2026-08-25 19:02:40,0.003303842,3.82,3.842,0.0020000000000000018,,,,,,0.00206490125,3.8386961580000003
2026-08-25 19:02:40,0.003303842,3.82,3.842,0.0020000000000000018,,,,,,0.00206490125,3.8386961580000003
2026-08-25 19:02:40,0.003303842,3.82,3.842,0.0020000000000000018,,,,,,0.00206490125,3.8386961580000003
2026-08-25 19:02:41,0.003303842,3.82,3.842,0.0020000000000000018,,,,,,0.00206490125,3.8386961580000003
2026-08-25 19:02:41,0.003303842,3.82,3.842,0.0020000000000000018,,,,,,0.00206490125,3.8386961580000003
2026-08-25 19:02:41,0.003303842,3.82,3.842,0.0020000000000000018,,,,,,0.00206490125,3.8386961580000003
2026-08-25 19:02:41,0.003311668,3.82,3.842,0.0020000000000000018,,,,,,0.0020697924999999997,3.8386883320000003
2026-08-25 19:02:41,0.003311668,3.82,3.842,0.0020000000000000018,,,,,,0.0020697924999999997,3.8386883320000003
2026-08-25 19:02:42,0.003311668,3.82,3.842,0.0020000000000000018,,,,,,0.0020697924999999997,3.8386883320000003
2026-08-25 19:02:42,0.003311668,3.82,3.842,0.0020000000000000018,,,,,,0.0020697924999999997,3.8386883320000003
2026-08-25 19:02:42,0.003310981,3.82,3.842,0.0020000000000000018,,,,,,0.0020693631249999998,3.8386890190000003
2026-08-25 19:02:42,0.003310981,3.82,3.842,0.0020000000000000018,,,,,,0.0020693631249999998,3.8386890190000003
2026-08-25 19:02:42,0.003310981,3.82,3.842,0.0020000000000000018,,,,,,0.0020693631249999998,3.8386890190000003
2026-08-25 19:02:43,0.003310981,3.82,3.842,0.0020000000000000018,,,,,,0.0020693631249999998,3.8386890190000003
2026-08-25 19:02:43,0.003310981,3.82,3.842,0.0020000000000000018,,,,,,0.0020693631249999998,3.8386890190000003
2026-08-25 19:02:43,0.003298156,3.82,3.842,0.0020000000000000018,,,,,,0.0020613475,3.838701844
2026-08-25 19:02:43,0.003298156,3.82,3.842,0.0020000000000000018,,,,,,0.0020613475,3.838701844
2026-08-25 19:02:43,0.003298156,3.82,3.842,0.0020000000000000018,,,,,,0.0020613475,3.838701844
2026-08-25 19:02:44,0.003298156,3.82,3.842,0.0020000000000000018,,,,,,0.0020613475,3.838701844
2026-08-25 19:02:44,0.003298156,3.82,3.842,0.0020000000000000018,,,,,,0.0020613475,3.838701844
2026-08-25 19:02:44,0.00328949,3.82,3.842,0.0020000000000000018,,,,,,0.00205593125,3.8387105100000003
2026-08-25 19:02:44,0.00328949,3.82,3.842,0.0020000000000000018,,,,,,0.00205593125,3.8387105100000003
2026-08-25 19:02:44,0.00328949,3.82,3.842,0.0020000000000000018,,,,,,0.00205593125,3.8387105100000003
2026-08-25 19:02:45,0.00328949,3.82,3.842,0.0020000000000000018,,,,,,0.00205593125,3.8387105100000003
2026-08-25 19:02:45,0.00328949,3.82,3.842,0.0020000000000000018,,,,,,0.00205593125,3.8387105100000003
2026-08-25 19:02:45,0.003293528,3.82,3.842,0.0020000000000000018,,,,,,0.002058455,3.838706472
2026-08-25 19:02:45,0.003293528,3.82,3.842,0.0020000000000000018,,,,,,0.002058455,3.838706472
2026-08-25 19:02:45,0.003293528,3.82,3.842,0.0020000000000000018,,,,,,0.002058455,3.838706472
2026-08-25 19:02:46,0.003293528,3.82,3.842,0.0020000000000000018,,,,,,0.002058455,3.838706472
2026-08-25 19:02:46,0.003293528,3.82,3.842,0.0020000000000000018,,,,,,0.002058455,3.838706472
2026-08-25 19:02:46,0.003285521,3.82,3.842,0.0020000000000000018,,,,,,0.0020534506249999997,3.838714479
2026-08-25 19:02:46,0.003285521,3.82,3.842,0.0020000000000000018,,,,,,0.0020534506249999997,3.838714479
2026-08-25 19:02:46,0.003285521,3.82,3.842,0.0020000000000000018,,,,,,0.0020534506249999997,3.838714479
2026-08-25 19:02:47,0.003285521,3.82,3.842,0.0020000000000000018,,,,,,0.0020534506249999997,3.838714479
2026-08-25 19:02:47,0.003285521,3.82,3.842,0.0020000000000000018,,,,,,0.0020534506249999997,3.838714479
2026-08-25 19:02:47,0.003301491,3.82,3.842,0.0020000000000000018,,,,,,0.002063431875,3.838698509
2026-08-25 19:02:47,0.003301491,3.82,3.842,0.0020000000000000018,,,,,,0.002063431875,3.838698509
2026-08-25 19:02:47,0.003301491,3.82,3.842,0.0020000000000000018,,,,,,0.002063431875,3.838698509
2026-08-25 19:02:48,0.003301491,3.82,3.842,0.0020000000000000018,,,,,,0.002063431875,3.838698509
2026-08-25 19:02:48,0.003301491,3.82,3.842,0.0020000000000000018,,,,,,0.002063431875,3.838698509
2026-08-25 19:02:48,0.003297317,3.82,3.842,0.0020000000000000018,,,,,,0.0020608231249999998,3.838702683
2026-08-25 19:02:48,0.003297317,3.82,3.842,0.0020000000000000018,,,,,,0.0020608231249999998,3.838702683
2026-08-25 19:02:48,0.003297317,3.82,3.842,0.0020000000000000018,,,,,,0.0020608231249999998,3.838702683
2026-08-25 19:02:49,0.003297317,3.82,3.842,0.0020000000000000018,,,,,,0.0020608231249999998,3.838702683
2026-08-25 19:02:49,0.003297317,3.82,3.842,0.0020000000000000018,,,,,,0.0020608231249999998,3.838702683
2026-08-25 19:02:49,0.003293947,3.82,3.842,0.0020000000000000018,,,,,,0.002058716875,3.838706053
2026-08-25 19:02:49,0.003293947,3.82,3.842,0.0020000000000000018,,,,,,0.002058716875,3.838706053
2026-08-25 19:02:49,0.003293947,3.82,3.842,0.0020000000000000018,,,,,,0.002058716875,3.838706053
2026-08-25 19:02:50,0.003293947,3.82,3.842,0.0020000000000000018,,,,,,0.002058716875,3.838706053
2026-08-25 19:02:50,0.003293947,3.82,3.842,0.0020000000000000018,,,,,,0.002058716875,3.838706053
2026-08-25 19:02:50,0.003309318,3.82,3.842,0.0020000000000000018,,,,,,0.00206832375,3.838690682
2026-08-25 19:02:50,0.003309318,3.82,3.842,0.0020000000000000018,,,,,,0.00206832375,3.838690682
2026-08-25 19:02:50,0.003309318,3.82,3.842,0.0020000000000000018,,,,,,0.00206832375,3.838690682
2026-08-25 19:02:51,0.003309318,3.82,3.842,0.0020000000000000018,,,,,,0.00206832375,3.838690682
2026-08-25 19:02:51,0.003309318,3.82,3.842,0.0020000000000000018,,,,,,0.00206832375,3.838690682
2026-08-25 19:02:51,0.003296996,3.82,3.842,0.0020000000000000018,,,,,,0.0020606225,3.838703004
2026-08-25 19:02:51,0.003296996,3.82,3.842,0.0020000000000000018,,,,,,0.0020606225,3.838703004
2026-08-25 19:02:51,0.003296996,3.82,3.842,0.0020000000000000018,,,,,,0.0020606225,3.838703004
2026-08-25 19:02:52,0.003296996,3.82,3.842,0.0020000000000000018,,,,,,0.0020606225,3.838703004
2026-08-25 19:02:52,0.003296996,3.82,3.842,0.0020000000000000018,,,,,,0.0020606225,3.838703004
2026-08-25 19:02:52,0.003284247,3.82,3.842,0.0020000000000000018,,,,,,0.002052654375,3.8387157530000002
2026-08-25 19:02:52,0.003284247,3.82,3.842,0.0020000000000000018,,,,,,0.002052654375,3.8387157530000002
2026-08-25 19:02:52,0.003284247,3.82,3.842,0.0020000000000000018,,,,,,0.002052654375,3.8387157530000002
2026-08-25 19:02:53,0.003284247,3.82,3.842,0.0020000000000000018,,,,,,0.002052654375,3.8387157530000002
2026-08-25 19:02:53,0.003284247,3.82,3.842,0.0020000000000000018,,,,,,0.002052654375,3.8387157530000002
2026-08-25 19:02:53,0.003282612,3.82,3.842,0.0020000000000000018,,,,,,0.0020516324999999996,3.838717388
2026-08-25 19:02:53,0.003282612,3.82,3.842,0.0020000000000000018,,,,,,0.0020516324999999996,3.838717388
2026-08-25 19:02:53,0.003282612,3.82,3.842,0.0020000000000000018,,,,,,0.0020516324999999996,3.838717388
2026-08-25 19:02:54,0.003282612,3.82,3.842,0.0020000000000000018,,,,,,0.0020516324999999996,3.838717388
2026-08-25 19:02:54,0.003282612,3.82,3.842,0.0020000000000000018,,,,,,0.0020516324999999996,3.838717388
2026-08-25 19:02:54,0.003287053,3.82,3.842,0.0020000000000000018,,,,,,0.0020544081249999997,3.838712947
2026-08-25 19:02:54,0.003287053,3.82,3.842,0.0020000000000000018,,,,,,0.0020544081249999997,3.838712947
2026-08-25 19:02:54,0.003287053,3.82,3.842,0.0020000000000000018,,,,,,0.0020544081249999997,3.838712947
2026-08-25 19:02:55,0.003287053,3.82,3.842,0.0020000000000000018,,,,,,0.0020544081249999997,3.838712947
2026-08-25 19:02:55,0.003287053,3.82,3.842,0.0020000000000000018,,,,,,0.0020544081249999997,3.838712947
2026-08-25 19:02:55,0.003298923,3.82,3.842,0.0020000000000000018,,,,,,0.002061826875,3.838701077
2026-08-25 19:02:55,0.003298923,3.82,3.842,0.0020000000000000018,,,,,,0.002061826875,3.838701077
2026-08-25 19:02:55,0.003298923,3.82,3.842,0.0020000000000000018,,,,,,0.002061826875,3.838701077
2026-08-25 19:02:56,0.003298923,3.82,3.842,0.0020000000000000018,,,,,,0.002061826875,3.838701077
2026-08-25 19:02:56,0.003298923,3.82,3.842,0.0020000000000000018,,,,,,0.002061826875,3.838701077
2026-08-25 19:02:56,0.003304644,3.82,3.842,0.0020000000000000018,,,,,,0.0020654024999999998,3.838695356
2026-08-25 19:02:56,0.003304644,3.82,3.842,0.0020000000000000018,,,,,,0.0020654024999999998,3.838695356
2026-08-25 19:02:56,0.003304644,3.82,3.842,0.0020000000000000018,,,,,,0.0020654024999999998,3.838695356
2026-08-25 19:02:57,0.003304644,3.82,3.842,0.0020000000000000018,,,,,,0.0020654024999999998,3.838695356
2026-08-25 19:02:57,0.003304644,3.82,3.842,0.0020000000000000018,,,,,,0.0020654024999999998,3.838695356
2026-08-25 19:02:57,0.00327617,3.82,3.842,0.0020000000000000018,,,,,,0.00204760625,3.83872383
2026-08-25 19:02:57,0.00327617,3.82,3.842,0.0020000000000000018,,,,,,0.00204760625,3.83872383
2026-08-25 19:02:57,0.00327617,3.82,3.842,0.0020000000000000018,,,,,,0.00204760625,3.83872383
2026-08-25 19:02:58,0.00327617,3.82,3.842,0.0020000000000000018,,,,,,0.00204760625,3.83872383
2026-08-25 19:02:58,0.00327617,3.82,3.842,0.0020000000000000018,,,,,,0.00204760625,3.83872383
2026-08-25 19:02:58,0.00329886,3.82,3.842,0.0020000000000000018,,,,,,0.0020617874999999996,3.83870114
2026-08-25 19:02:58,0.00329886,3.82,3.842,0.0020000000000000018,,,,,,0.0020617874999999996,3.83870114
2026-08-25 19:02:58,0.00329886,3.82,3.842,0.0020000000000000018,,,,,,0.0020617874999999996,3.83870114
2026-08-25 19:02:59,0.00329886,3.82,3.842,0.0020000000000000018,,,,,,0.0020617874999999996,3.83870114
2026-08-25 19:02:59,0.00329886,3.82,3.842,0.0020000000000000018,,,,,,0.0020617874999999996,3.83870114
2026-08-25 19:02:59,0.003303447,3.82,3.842,0.0020000000000000018,,,,,,0.0020646543749999998,3.838696553
2026-08-25 19:02:59,0.003303447,3.82,3.842,0.0020000000000000018,,,,,,0.0020646543749999998,3.838696553
2026-08-25 19:02:59,0.003303447,3.82,3.842,0.0020000000000000018,,,,,,0.0020646543749999998,3.838696553
2026-08-25 19:03:00,0.003303447,3.82,3.842,0.0020000000000000018,,,,,,0.0020646543749999998,3.838696553
2026-08-25 19:03:00,0.003303447,3.82,3.842,0.0020000000000000018,,,,,,0.0020646543749999998,3.838696553
2026-08-25 19:03:00,0.003291532,3.82,3.842,0.0020000000000000018,,,,,,0.0020572075,3.838708468
2026-08-25 19:03:00,0.003291532,3.82,3.842,0.0020000000000000018,,,,,,0.0020572075,3.838708468
2026-08-25 19:03:00,0.003291532,3.82,3.842,0.0020000000000000018,,,,,,0.0020572075,3.838708468
2026-08-25 19:03:01,0.003291532,3.82,3.842,0.0020000000000000018,,,,,,0.0020572075,3.838708468
2026-08-25 19:03:01,0.003291532,3.82,3.842,0.0020000000000000018,,,,,,0.0020572075,3.838708468
2026-08-25 19:03:01,0.003297328,3.82,3.842,0.0020000000000000018,,,,,,0.00206083,3.838702672
2026-08-25 19:03:01,0.003297328,3.82,3.842,0.0020000000000000018,,,,,,0.00206083,3.838702672
2026-08-25 19:03:01,0.003297328,3.82,3.842,0.0020000000000000018,,,,,,0.00206083,3.838702672
2026-08-25 19:03:02,0.003297328,3.82,3.842,0.0020000000000000018,,,,,,0.00206083,3.838702672
2026-08-25 19:03:02,0.003297328,3.82,3.842,0.0020000000000000018,,,,,,0.00206083,3.838702672
2026-08-25 19:03:02,0.003302101,3.82,3.842,0.0020000000000000018,,,,,,0.0020638131249999998,3.838697899
2026-08-25 19:03:02,0.003302101,3.82,3.842,0.0020000000000000018,,,,,,0.0020638131249999998,3.838697899
2026-08-25 19:03:02,0.003302101,3.82,3.842,0.0020000000000000018,,,,,,0.0020638131249999998,3.838697899
2026-08-25 19:03:03,0.003302101,3.82,3.842,0.0020000000000000018,,,,,,0.0020638131249999998,3.838697899
2026-08-25 19:03:03,0.003302101,3.82,3.842,0.0020000000000000018,,,,,,0.0020638131249999998,3.838697899
2026-08-25 19:03:03,0.003298813,3.82,3.842,0.0020000000000000018,,,,,,0.002061758125,3.8387011870000003
2026-08-25 19:03:03,0.003298813,3.82,3.842,0.0020000000000000018,,,,,,0.002061758125,3.8387011870000003
2026-08-25 19:03:03,0.003298813,3.82,3.842,0.0020000000000000018,,,,,,0.002061758125,3.8387011870000003
2026-08-25 19:03:04,0.003298813,3.82,3.842,0.0020000000000000018,,,,,,0.002061758125,3.8387011870000003
2026-08-25 19:03:04,0.003298813,3.82,3.842,0.0020000000000000018,,,,,,0.002061758125,3.8387011870000003
2026-08-25 19:03:04,0.003302735,3.82,3.842,0.0020000000000000018,,,,,,0.002064209375,3.838697265
2026-08-25 19:03:04,0.003302735,3.82,3.842,0.0020000000000000018,,,,,,0.002064209375,3.838697265
2026-08-25 19:03:04,0.003302735,3.82,3.842,0.0020000000000000018,,,,,,0.002064209375,3.838697265
2026-08-25 19:03:05,0.003302735,3.82,3.842,0.0020000000000000018,,,,,,0.002064209375,3.838697265
2026-08-25 19:03:05,0.003302735,3.82,3.842,0.0020000000000000018,,,,,,0.002064209375,3.838697265
2026-08-25 19:03:05,0.003288593,3.82,3.842,0.0020000000000000018,,,,,,0.0020553706249999996,3.838711407
2026-08-25 19:03:05,0.003288593,3.82,3.842,0.0020000000000000018,,,,,,0.0020553706249999996,3.838711407
2026-08-25 19:03:05,0.003288593,3.82,3.842,0.0020000000000000018,,,,,,0.0020553706249999996,3.838711407
2026-08-25 19:03:06,0.003288593,3.82,3.842,0.0020000000000000018,,,,,,0.0020553706249999996,3.838711407
2026-08-25 19:03:06,0.003288593,3.82,3.842,0.0020000000000000018,,,,,,0.0020553706249999996,3.838711407
2026-08-25 19:03:06,0.003287952,3.82,3.842,0.0020000000000000018,,,,,,0.0020549699999999997,3.838712048
2026-08-25 19:03:06,0.003287952,3.82,3.842,0.0020000000000000018,,,,,,0.0020549699999999997,3.838712048
2026-08-25 19:03:06,0.003287952,3.82,3.842,0.0020000000000000018,,,,,,0.0020549699999999997,3.838712048
2026-08-25 19:03:07,0.003287952,3.82,3.842,0.0020000000000000018,,,,,,0.0020549699999999997,3.838712048
